Time Stamp,Average Speed (mph)
11/1/01 17:30,9.4
11/1/01 17:40,12.2
11/1/01 17:50,13
11/1/01 18:00,11.3
11/1/01 18:10,9.6
11/1/01 18:20,9.9
11/1/01 18:30,8.2
11/1/01 18:40,6.2
11/1/01 18:50,6.4
11/1/01 19:00,7.7
11/1/01 19:10,9.2
11/1/01 19:20,8.4
11/1/01 19:30,9.4
11/1/01 19:40,10.5
11/1/01 19:50,10.3
11/1/01 20:00,9.9
11/1/01 20:10,10.4
11/1/01 20:20,11.8
11/1/01 20:30,13.3
11/1/01 20:40,13.8
11/1/01 20:50,13.6
11/1/01 21:00,11.7
11/1/01 21:10,7.9
11/1/01 21:20,9
11/1/01 21:30,9.3
11/1/01 21:40,8.5
11/1/01 21:50,10.6
11/1/01 22:00,11
11/1/01 22:10,10.8
11/1/01 22:20,9.9
11/1/01 22:30,10.9
11/1/01 22:40,11.5
11/1/01 22:50,11.7
11/1/01 23:00,11
11/1/01 23:10,11.6
11/1/01 23:20,11.7
11/1/01 23:30,11
11/1/01 23:40,12.1
11/1/01 23:50,13.1
11/2/01 0:00,13.9
11/2/01 0:10,13.2
11/2/01 0:20,13
11/2/01 0:30,13.1
11/2/01 0:40,12.7
11/2/01 0:50,13.7
11/2/01 1:00,13.8
11/2/01 1:10,14.2
11/2/01 1:20,12.9
11/2/01 1:30,14.1
11/2/01 1:40,13.5
11/2/01 1:50,12.3
11/2/01 2:00,12.1
11/2/01 2:10,13
11/2/01 2:20,15.1
11/2/01 2:30,14.6
11/2/01 2:40,14.6
11/2/01 2:50,14.8
11/2/01 3:00,15.1
11/2/01 3:10,14
11/2/01 3:20,13.4
11/2/01 3:30,13.9
11/2/01 3:40,13.3
11/2/01 3:50,13.3
11/2/01 4:00,13
11/2/01 4:10,12.4
11/2/01 4:20,12
11/2/01 4:30,11.4
11/2/01 4:40,11.7
11/2/01 4:50,12.3
11/2/01 5:00,12.9
11/2/01 5:10,12
11/2/01 5:20,11.1
11/2/01 5:30,12.7
11/2/01 5:40,12.6
11/2/01 5:50,12.8
11/2/01 6:00,12
11/2/01 6:10,10.9
11/2/01 6:20,10.6
11/2/01 6:30,11.6
11/2/01 6:40,11.1
11/2/01 6:50,10.2
11/2/01 7:00,9.4
11/2/01 7:10,8.5
11/2/01 7:20,7.2
11/2/01 7:30,7.7
11/2/01 7:40,9
11/2/01 7:50,9.5
11/2/01 8:00,9.4
11/2/01 8:10,9.3
11/2/01 8:20,8.7
11/2/01 8:30,8.3
11/2/01 8:40,8.4
11/2/01 8:50,8.8
11/2/01 9:00,8.4
11/2/01 9:10,7.7
11/2/01 9:20,7
11/2/01 9:30,7.1
11/2/01 9:40,7.7
11/2/01 9:50,6.6
11/2/01 10:00,6
11/2/01 10:10,4.9
11/2/01 10:20,3.7
11/2/01 10:30,4.5
11/2/01 10:40,4
11/2/01 10:50,5.1
11/2/01 11:00,4.9
11/2/01 11:10,5
11/2/01 11:20,5.6
11/2/01 11:30,5.3
11/2/01 11:40,5.6
11/2/01 11:50,5.2
11/2/01 12:00,5.8
11/2/01 12:10,8.3
11/2/01 12:20,7.1
11/2/01 12:30,9.5
11/2/01 12:40,9.7
11/2/01 12:50,9.4
11/2/01 13:00,12.9
11/2/01 13:10,15
11/2/01 13:20,12.2
11/2/01 13:30,14.5
11/2/01 13:40,13.7
11/2/01 13:50,15.1
11/2/01 14:00,16.1
11/2/01 14:10,17
11/2/01 14:20,16.7
11/2/01 14:30,17.9
11/2/01 14:40,17.9
11/2/01 14:50,18.3
11/2/01 15:00,18.6
11/2/01 15:10,18.1
11/2/01 15:20,19.1
11/2/01 15:30,19.7
11/2/01 15:40,18.3
11/2/01 15:50,19.5
11/2/01 16:00,18.9
11/2/01 16:10,19.3
11/2/01 16:20,18.2
11/2/01 16:30,18
11/2/01 16:40,17.6
11/2/01 16:50,15.9
11/2/01 17:00,15.5
11/2/01 17:10,14.3
11/2/01 17:20,14.4
11/2/01 17:30,12.6
11/2/01 17:40,11.2
11/2/01 17:50,11
11/2/01 18:00,10.9
11/2/01 18:10,10.8
11/2/01 18:20,10.3
11/2/01 18:30,10.1
11/2/01 18:40,11.5
11/2/01 18:50,12
11/2/01 19:00,11.3
11/2/01 19:10,11.3
11/2/01 19:20,11.7
11/2/01 19:30,11.4
11/2/01 19:40,11.4
11/2/01 19:50,10.9
11/2/01 20:00,10.1
11/2/01 20:10,10.7
11/2/01 20:20,12.1
11/2/01 20:30,11.3
11/2/01 20:40,12.8
11/2/01 20:50,14
11/2/01 21:00,14.6
11/2/01 21:10,15.1
11/2/01 21:20,14.2
11/2/01 21:30,13.3
11/2/01 21:40,13.4
11/2/01 21:50,14.4
11/2/01 22:00,14.8
11/2/01 22:10,15.4
11/2/01 22:20,15.4
11/2/01 22:30,14.5
11/2/01 22:40,13.7
11/2/01 22:50,14.7
11/2/01 23:00,15.1
11/2/01 23:10,16.1
11/2/01 23:20,16.9
11/2/01 23:30,17.3
11/2/01 23:40,17.8
11/2/01 23:50,19.1
11/3/01 0:00,19
11/3/01 0:10,18
11/3/01 0:20,17.3
11/3/01 0:30,16.3
11/3/01 0:40,15.7
11/3/01 0:50,13.8
11/3/01 1:00,13.1
11/3/01 1:10,12.8
11/3/01 1:20,10.3
11/3/01 1:30,9.3
11/3/01 1:40,9.2
11/3/01 1:50,9.1
11/3/01 2:00,8.4
11/3/01 2:10,8.2
11/3/01 2:20,7.1
11/3/01 2:30,7.6
11/3/01 2:40,8.1
11/3/01 2:50,9.4
11/3/01 3:00,10.2
11/3/01 3:10,11.5
11/3/01 3:20,12.1
11/3/01 3:30,10.6
11/3/01 3:40,8.8
11/3/01 3:50,8.5
11/3/01 4:00,9.7
11/3/01 4:10,11.2
11/3/01 4:20,12.7
11/3/01 4:30,12
11/3/01 4:40,14
11/3/01 4:50,15
11/3/01 5:00,15.7
11/3/01 5:10,16.4
11/3/01 5:20,16.7
11/3/01 5:30,18.6
11/3/01 5:40,18.5
11/3/01 5:50,17.2
11/3/01 6:00,15.5
11/3/01 6:10,14.1
11/3/01 6:20,15.9
11/3/01 6:30,15.9
11/3/01 6:40,15.3
11/3/01 6:50,14.8
11/3/01 7:00,14.7
11/3/01 7:10,14.8
11/3/01 7:20,12.5
11/3/01 7:30,11.3
11/3/01 7:40,11.6
11/3/01 7:50,11.4
11/3/01 8:00,11.5
11/3/01 8:10,10.7
11/3/01 8:20,8
11/3/01 8:30,7.9
11/3/01 8:40,9.4
11/3/01 8:50,8.9
11/3/01 9:00,9.5
11/3/01 9:10,8.5
11/3/01 9:20,8.3
11/3/01 9:30,9.9
11/3/01 9:40,9.3
11/3/01 9:50,9.4
11/3/01 10:00,8
11/3/01 10:10,9.1
11/3/01 10:20,9.4
11/3/01 10:30,9.7
11/3/01 10:40,12.1
11/3/01 10:50,12.3
11/3/01 11:00,9
11/3/01 11:10,9.7
11/3/01 11:20,9.4
11/3/01 11:30,9.7
11/3/01 11:40,8.3
11/3/01 11:50,8.1
11/3/01 12:00,7.8
11/3/01 12:10,6.3
11/3/01 12:20,5.7
11/3/01 12:30,5.7
11/3/01 12:40,6.7
11/3/01 12:50,5.9
11/3/01 13:00,7.2
11/3/01 13:10,8.4
11/3/01 13:20,9.5
11/3/01 13:30,10.5
11/3/01 13:40,12.4
11/3/01 13:50,12.3
11/3/01 14:00,12.8
11/3/01 14:10,12.4
11/3/01 14:20,11.5
11/3/01 14:30,11.6
11/3/01 14:40,13.8
11/3/01 14:50,15.7
11/3/01 15:00,15.2
11/3/01 15:10,14.5
11/3/01 15:20,11.7
11/3/01 15:30,10.7
11/3/01 15:40,10.8
11/3/01 15:50,10.7
11/3/01 16:00,11
11/3/01 16:10,11.7
11/3/01 16:20,10
11/3/01 16:30,8.2
11/3/01 16:40,9.5
11/3/01 16:50,7.9
11/3/01 17:00,6.8
11/3/01 17:10,8.7
11/3/01 17:20,7.8
11/3/01 17:30,8.2
11/3/01 17:40,7.9
11/3/01 17:50,7.9
11/3/01 18:00,8
11/3/01 18:10,8.4
11/3/01 18:20,8.5
11/3/01 18:30,7.7
11/3/01 18:40,8.4
11/3/01 18:50,8.1
11/3/01 19:00,7.8
11/3/01 19:10,8.8
11/3/01 19:20,10.2
11/3/01 19:30,10.1
11/3/01 19:40,9.2
11/3/01 19:50,9
11/3/01 20:00,9
11/3/01 20:10,8.2
11/3/01 20:20,8.2
11/3/01 20:30,8.4
11/3/01 20:40,7.6
11/3/01 20:50,7.8
11/3/01 21:00,7.4
11/3/01 21:10,7.5
11/3/01 21:20,8
11/3/01 21:30,8.6
11/3/01 21:40,9.1
11/3/01 21:50,8.4
11/3/01 22:00,7.7
11/3/01 22:10,7.8
11/3/01 22:20,7.6
11/3/01 22:30,9.7
11/3/01 22:40,9.8
11/3/01 22:50,7.5
11/3/01 23:00,7.7
11/3/01 23:10,8.6
11/3/01 23:20,7.9
11/3/01 23:30,7.7
11/3/01 23:40,9.5
11/3/01 23:50,9.8
11/4/01 0:00,9.9
11/4/01 0:10,8.8
11/4/01 0:20,8.3
11/4/01 0:30,7.1
11/4/01 0:40,8.2
11/4/01 0:50,8.3
11/4/01 1:00,9.3
11/4/01 1:10,9.6
11/4/01 1:20,9.8
11/4/01 1:30,10.8
11/4/01 1:40,10.9
11/4/01 1:50,10.7
11/4/01 2:00,10.6
11/4/01 2:10,10.1
11/4/01 2:20,9.6
11/4/01 2:30,10.8
11/4/01 2:40,12.2
11/4/01 2:50,11.8
11/4/01 3:00,10.5
11/4/01 3:10,8.7
11/4/01 3:20,11.4
11/4/01 3:30,11.5
11/4/01 3:40,11.3
11/4/01 3:50,11.7
11/4/01 4:00,13.3
11/4/01 4:10,13.8
11/4/01 4:20,13.3
11/4/01 4:30,13.7
11/4/01 4:40,13.3
11/4/01 4:50,12.7
11/4/01 5:00,12.2
11/4/01 5:10,11.3
11/4/01 5:20,12.7
11/4/01 5:30,13.6
11/4/01 5:40,13.5
11/4/01 5:50,13.6
11/4/01 6:00,13.2
11/4/01 6:10,13.2
11/4/01 6:20,13.5
11/4/01 6:30,13.6
11/4/01 6:40,12.8
11/4/01 6:50,13.1
11/4/01 7:00,12.9
11/4/01 7:10,12.7
11/4/01 7:20,13.1
11/4/01 7:30,13.6
11/4/01 7:40,12.5
11/4/01 7:50,12.2
11/4/01 8:00,13.2
11/4/01 8:10,12.6
11/4/01 8:20,12.7
11/4/01 8:30,13.3
11/4/01 8:40,12.4
11/4/01 8:50,12.1
11/4/01 9:00,11
11/4/01 9:10,9.9
11/4/01 9:20,8.9
11/4/01 9:30,8.2
11/4/01 9:40,6.8
11/4/01 9:50,5.9
11/4/01 10:00,4.1
11/4/01 10:10,2.8
11/4/01 10:20,1.9
11/4/01 10:30,1.3
11/4/01 10:40,1.2
11/4/01 10:50,2.4
11/4/01 11:00,3
11/4/01 11:10,2.1
11/4/01 11:20,1.7
11/4/01 11:30,1.5
11/4/01 11:40,1.4
11/4/01 11:50,0.9
11/4/01 12:00,1.3
11/4/01 12:10,1.3
11/4/01 12:20,1
11/4/01 12:30,2.4
11/4/01 12:40,2.8
11/4/01 12:50,2.3
11/4/01 13:00,2.3
11/4/01 13:10,6.1
11/4/01 13:20,6.5
11/4/01 13:30,6.4
11/4/01 13:40,6.7
11/4/01 13:50,6.4
11/4/01 14:00,7.8
11/4/01 14:10,8.2
11/4/01 14:20,9.1
11/4/01 14:30,10.5
11/4/01 14:40,10.4
11/4/01 14:50,9.6
11/4/01 15:00,10.1
11/4/01 15:10,8.6
11/4/01 15:20,10.6
11/4/01 15:30,10.1
11/4/01 15:40,9.8
11/4/01 15:50,11.6
11/4/01 16:00,10
11/4/01 16:10,11.2
11/4/01 16:20,10.7
11/4/01 16:30,11.6
11/4/01 16:40,10.5
11/4/01 16:50,11.5
11/4/01 17:00,12.3
11/4/01 17:10,11.7
11/4/01 17:20,11.5
11/4/01 17:30,11.6
11/4/01 17:40,12
11/4/01 17:50,12.2
11/4/01 18:00,13
11/4/01 18:10,13.4
11/4/01 18:20,15
11/4/01 18:30,15.4
11/4/01 18:40,16
11/4/01 18:50,16.9
11/4/01 19:00,17.1
11/4/01 19:10,17.5
11/4/01 19:20,17.6
11/4/01 19:30,17.3
11/4/01 19:40,17.3
11/4/01 19:50,17.2
11/4/01 20:00,17.2
11/4/01 20:10,17.2
11/4/01 20:20,17.7
11/4/01 20:30,17.6
11/4/01 20:40,17.3
11/4/01 20:50,17.1
11/4/01 21:00,17.2
11/4/01 21:10,17.1
11/4/01 21:20,18.6
11/4/01 21:30,19.3
11/4/01 21:40,18.5
11/4/01 21:50,18
11/4/01 22:00,18.6
11/4/01 22:10,19
11/4/01 22:20,19.1
11/4/01 22:30,18.4
11/4/01 22:40,17.8
11/4/01 22:50,17.4
11/4/01 23:00,18.1
11/4/01 23:10,19.6
11/4/01 23:20,20.5
11/4/01 23:30,20.5
11/4/01 23:40,20.2
11/4/01 23:50,19.7
11/5/01 0:00,18.6
11/5/01 0:10,17.8
11/5/01 0:20,17.9
11/5/01 0:30,18
11/5/01 0:40,19.1
11/5/01 0:50,17.1
11/5/01 1:00,16
11/5/01 1:10,16.3
11/5/01 1:20,17.5
11/5/01 1:30,17.4
11/5/01 1:40,18.5
11/5/01 1:50,18.9
11/5/01 2:00,19.1
11/5/01 2:10,18.5
11/5/01 2:20,19.8
11/5/01 2:30,20.8
11/5/01 2:40,19.7
11/5/01 2:50,19
11/5/01 3:00,18.2
11/5/01 3:10,18.6
11/5/01 3:20,19.9
11/5/01 3:30,20
11/5/01 3:40,19.2
11/5/01 3:50,19.1
11/5/01 4:00,19.3
11/5/01 4:10,19
11/5/01 4:20,19.2
11/5/01 4:30,19.2
11/5/01 4:40,19.6
11/5/01 4:50,19.5
11/5/01 5:00,19.2
11/5/01 5:10,19.3
11/5/01 5:20,20.3
11/5/01 5:30,20.2
11/5/01 5:40,19.5
11/5/01 5:50,19.5
11/5/01 6:00,19.3
11/5/01 6:10,18.6
11/5/01 6:20,18.2
11/5/01 6:30,18.2
11/5/01 6:40,17.4
11/5/01 6:50,18.1
11/5/01 7:00,17.6
11/5/01 7:10,18.4
11/5/01 7:20,19
11/5/01 7:30,19.8
11/5/01 7:40,19.8
11/5/01 7:50,19
11/5/01 8:00,19.1
11/5/01 8:10,18.5
11/5/01 8:20,19.8
11/5/01 8:30,18.7
11/5/01 8:40,18.2
11/5/01 8:50,18.3
11/5/01 9:00,17
11/5/01 9:10,17.6
11/5/01 9:20,17.8
11/5/01 9:30,18.6
11/5/01 9:40,18.1
11/5/01 9:50,17.7
11/5/01 10:00,18.6
11/5/01 10:10,19.7
11/5/01 10:20,20
11/5/01 10:30,20.5
11/5/01 10:40,19.3
11/5/01 10:50,20.3
11/5/01 11:00,20.3
11/5/01 11:10,20.7
11/5/01 11:20,20.2
11/5/01 11:30,21.7
11/5/01 11:40,22
11/5/01 11:50,22.6
11/5/01 12:00,24
11/5/01 12:10,22.9
11/5/01 12:20,24.7
11/5/01 12:30,22.7
11/5/01 12:40,25.2
11/5/01 12:50,25.9
11/5/01 13:00,26.9
11/5/01 13:10,28.4
11/5/01 13:20,30.8
11/5/01 13:30,30
11/5/01 13:40,30.7
11/5/01 13:50,28.5
11/5/01 14:00,30.1
11/5/01 14:10,29.3
11/5/01 14:20,29
11/5/01 14:30,28.9
11/5/01 14:40,28.8
11/5/01 14:50,29.1
11/5/01 15:00,29.4
11/5/01 15:10,26.3
11/5/01 15:20,28.5
11/5/01 15:30,27.2
11/5/01 15:40,25.7
11/5/01 15:50,26.6
11/5/01 16:00,28.3
11/5/01 16:10,25.5
11/5/01 16:20,26.3
11/5/01 16:30,26
11/5/01 16:40,26.2
11/5/01 16:50,22.9
11/5/01 17:00,23.1
11/5/01 17:10,22
11/5/01 17:20,23.3
11/5/01 17:30,22
11/5/01 17:40,23.1
11/5/01 17:50,20.2
11/5/01 18:00,19
11/5/01 18:10,18.8
11/5/01 18:20,18.9
11/5/01 18:30,16.8
11/5/01 18:40,18
11/5/01 18:50,18.5
11/5/01 19:00,19.7
11/5/01 19:10,21.1
11/5/01 19:20,20.7
11/5/01 19:30,19.2
11/5/01 19:40,18.8
11/5/01 19:50,18.6
11/5/01 20:00,18.2
11/5/01 20:10,19.5
11/5/01 20:20,19
11/5/01 20:30,18.7
11/5/01 20:40,17.7
11/5/01 20:50,17.9
11/5/01 21:00,18.9
11/5/01 21:10,18.5
11/5/01 21:20,19.1
11/5/01 21:30,19.1
11/5/01 21:40,19.3
11/5/01 21:50,18.8
11/5/01 22:00,20.3
11/5/01 22:10,21.6
11/5/01 22:20,21.5
11/5/01 22:30,21.2
11/5/01 22:40,21.9
11/5/01 22:50,22.8
11/5/01 23:00,24.7
11/5/01 23:10,24.2
11/5/01 23:20,23.5
11/5/01 23:30,22.9
11/5/01 23:40,21.1
11/5/01 23:50,20.9
11/6/01 0:00,20.5
11/6/01 0:10,20.5
11/6/01 0:20,20.7
11/6/01 0:30,20.2
11/6/01 0:40,20.4
11/6/01 0:50,21.5
11/6/01 1:00,22.2
11/6/01 1:10,21.7
11/6/01 1:20,22.3
11/6/01 1:30,21.3
11/6/01 1:40,20.9
11/6/01 1:50,20.2
11/6/01 2:00,21.1
11/6/01 2:10,21.9
11/6/01 2:20,22.4
11/6/01 2:30,22.5
11/6/01 2:40,22.9
11/6/01 2:50,22.8
11/6/01 3:00,23.4
11/6/01 3:10,24.1
11/6/01 3:20,24.5
11/6/01 3:30,23.7
11/6/01 3:40,24.3
11/6/01 3:50,23.6
11/6/01 4:00,21.4
11/6/01 4:10,19
11/6/01 4:20,19.7
11/6/01 4:30,21.7
11/6/01 4:40,21.7
11/6/01 4:50,20.5
11/6/01 5:00,20.5
11/6/01 5:10,22
11/6/01 5:20,22.8
11/6/01 5:30,22.4
11/6/01 5:40,21.5
11/6/01 5:50,21.7
11/6/01 6:00,22
11/6/01 6:10,20.2
11/6/01 6:20,20.9
11/6/01 6:30,21
11/6/01 6:40,20.5
11/6/01 6:50,17.2
11/6/01 7:00,14.3
11/6/01 7:10,11
11/6/01 7:20,14.1
11/6/01 7:30,10.6
11/6/01 7:40,6.8
11/6/01 7:50,9.4
11/6/01 8:00,9.9
11/6/01 8:10,5.3
11/6/01 8:20,8.8
11/6/01 8:30,10.5
11/6/01 8:40,13
11/6/01 8:50,12.6
11/6/01 9:00,13.3
11/6/01 9:10,15.1
11/6/01 9:20,14.1
11/6/01 9:30,13.3
11/6/01 9:40,14.3
11/6/01 9:50,14.6
11/6/01 10:00,14.6
11/6/01 10:10,15.7
11/6/01 10:20,16
11/6/01 10:30,15.6
11/6/01 10:40,13.8
11/6/01 10:50,12.2
11/6/01 11:00,11.8
11/6/01 11:10,9.9
11/6/01 11:20,9
11/6/01 11:30,8.8
11/6/01 11:40,8.4
11/6/01 11:50,7.6
11/6/01 12:00,6.4
11/6/01 12:10,7.2
11/6/01 12:20,5.6
11/6/01 12:30,5.6
11/6/01 12:40,5.1
11/6/01 12:50,4.6
11/6/01 13:00,5.4
11/6/01 13:10,5.5
11/6/01 13:20,3.5
11/6/01 13:30,5.3
11/6/01 13:40,4.2
11/6/01 13:50,4.5
11/6/01 14:00,5.3
11/6/01 14:10,5.9
11/6/01 14:20,6.2
11/6/01 14:30,6.7
11/6/01 14:40,7.3
11/6/01 14:50,6.2
11/6/01 15:00,6.9
11/6/01 15:10,5.9
11/6/01 15:20,4.8
11/6/01 15:30,4.2
11/6/01 15:40,4.2
11/6/01 15:50,5
11/6/01 16:00,4.7
11/6/01 16:10,4.2
11/6/01 16:20,4.3
11/6/01 16:30,4.5
11/6/01 16:40,4.9
11/6/01 16:50,5.7
11/6/01 17:00,5.4
11/6/01 17:10,6.2
11/6/01 17:20,5.9
11/6/01 17:30,6.3
11/6/01 17:40,5.6
11/6/01 17:50,5.9
11/6/01 18:00,5.6
11/6/01 18:10,6.3
11/6/01 18:20,7.6
11/6/01 18:30,8
11/6/01 18:40,8.9
11/6/01 18:50,8.5
11/6/01 19:00,8.1
11/6/01 19:10,8.6
11/6/01 19:20,9
11/6/01 19:30,8.1
11/6/01 19:40,7.9
11/6/01 19:50,7.6
11/6/01 20:00,8.1
11/6/01 20:10,7.4
11/6/01 20:20,7.2
11/6/01 20:30,7.8
11/6/01 20:40,8.4
11/6/01 20:50,8.3
11/6/01 21:00,8.7
11/6/01 21:10,8.6
11/6/01 21:20,8.5
11/6/01 21:30,9.2
11/6/01 21:40,8.9
11/6/01 21:50,9.1
11/6/01 22:00,9.4
11/6/01 22:10,9.5
11/6/01 22:20,10
11/6/01 22:30,9.4
11/6/01 22:40,9.5
11/6/01 22:50,9.5
11/6/01 23:00,9.6
11/6/01 23:10,9.9
11/6/01 23:20,9
11/6/01 23:30,8.6
11/6/01 23:40,8.3
11/6/01 23:50,8.6
11/7/01 0:00,8.6
11/7/01 0:10,8.8
11/7/01 0:20,8.4
11/7/01 0:30,4.5
11/7/01 0:40,5.7
11/7/01 0:50,7.2
11/7/01 1:00,7
11/7/01 1:10,9.2
11/7/01 1:20,8.7
11/7/01 1:30,9.2
11/7/01 1:40,11.8
11/7/01 1:50,11
11/7/01 2:00,9.1
11/7/01 2:10,10.8
11/7/01 2:20,10.2
11/7/01 2:30,10
11/7/01 2:40,10.6
11/7/01 2:50,11.8
11/7/01 3:00,12.2
11/7/01 3:10,11.8
11/7/01 3:20,10.8
11/7/01 3:30,9.9
11/7/01 3:40,10.1
11/7/01 3:50,10.6
11/7/01 4:00,10.2
11/7/01 4:10,10.9
11/7/01 4:20,11.5
11/7/01 4:30,11.5
11/7/01 4:40,12.8
11/7/01 4:50,13.6
11/7/01 5:00,13.6
11/7/01 5:10,13.4
11/7/01 5:20,13.1
11/7/01 5:30,12.5
11/7/01 5:40,12.4
11/7/01 5:50,12.9
11/7/01 6:00,14.1
11/7/01 6:10,15.8
11/7/01 6:20,16.4
11/7/01 6:30,14.8
11/7/01 6:40,12.9
11/7/01 6:50,13.2
11/7/01 7:00,14.5
11/7/01 7:10,14.9
11/7/01 7:20,14.6
11/7/01 7:30,14.8
11/7/01 7:40,15.4
11/7/01 7:50,15.2
11/7/01 8:00,12.8
11/7/01 8:10,12.4
11/7/01 8:20,14.4
11/7/01 8:30,14.8
11/7/01 8:40,15.7
11/7/01 8:50,16.4
11/7/01 9:00,15.6
11/7/01 9:10,14.2
11/7/01 9:20,12.2
11/7/01 9:30,13.1
11/7/01 9:40,15.2
11/7/01 9:50,15.4
11/7/01 10:00,14.6
11/7/01 10:10,15.2
11/7/01 10:20,14.3
11/7/01 10:30,15.1
11/7/01 10:40,15.8
11/7/01 10:50,16.3
11/7/01 11:00,17.2
11/7/01 11:10,17.9
11/7/01 11:20,18.1
11/7/01 11:30,18.4
11/7/01 11:40,17.1
11/7/01 11:50,16.8
11/7/01 12:00,18.4
11/7/01 12:10,19
11/7/01 12:20,18.4
11/7/01 12:30,18.4
11/7/01 12:40,19.5
11/7/01 12:50,19.8
11/7/01 13:00,20.1
11/7/01 13:10,18.2
11/7/01 13:20,16.9
11/7/01 13:30,15.9
11/7/01 13:40,16.4
11/7/01 13:50,16
11/7/01 14:00,15.9
11/7/01 14:10,14
11/7/01 14:20,13.8
11/7/01 14:30,15.3
11/7/01 14:40,13.2
11/7/01 14:50,13.4
11/7/01 15:00,14.2
11/7/01 15:10,15.6
11/7/01 15:20,15.7
11/7/01 15:30,15.3
11/7/01 15:40,16.4
11/7/01 15:50,16.4
11/7/01 16:00,15.7
11/7/01 16:10,16.3
11/7/01 16:20,17.8
11/7/01 16:30,16.6
11/7/01 16:40,14.9
11/7/01 16:50,13.9
11/7/01 17:00,32.2
11/7/01 17:10,31
11/7/01 17:20,27.7
11/7/01 17:30,26.2
11/7/01 17:40,24.1
11/7/01 17:50,23.9
11/7/01 18:00,25.6
11/7/01 18:10,28
11/7/01 18:20,26.9
11/7/01 18:30,26.6
11/7/01 18:40,24.9
11/7/01 18:50,21.6
11/7/01 19:00,22.5
11/7/01 19:10,23.2
11/7/01 19:20,24.8
11/7/01 19:30,28.3
11/7/01 19:40,29.5
11/7/01 19:50,28.2
11/7/01 20:00,27.4
11/7/01 20:10,27.2
11/7/01 20:20,23.7
11/7/01 20:30,23.7
11/7/01 20:40,29.9
11/7/01 20:50,35.4
11/7/01 21:00,34.1
11/7/01 21:10,30.6
11/7/01 21:20,29.4
11/7/01 21:30,29.9
11/7/01 21:40,33
11/7/01 21:50,31.2
11/7/01 22:00,28.5
11/7/01 22:10,30.2
11/7/01 22:20,30.8
11/7/01 22:30,32.1
11/7/01 22:40,33.9
11/7/01 22:50,29.3
11/7/01 23:00,27.5
11/7/01 23:10,32.5
11/7/01 23:20,31.2
11/7/01 23:30,31
11/7/01 23:40,29.5
11/7/01 23:50,32.1
11/8/01 0:00,37
11/8/01 0:10,34
11/8/01 0:20,28.3
11/8/01 0:30,33.2
11/8/01 0:40,31.3
11/8/01 0:50,32.7
11/8/01 1:00,34.3
11/8/01 1:10,33.4
11/8/01 1:20,31.6
11/8/01 1:30,31
11/8/01 1:40,32
11/8/01 1:50,31.7
11/8/01 2:00,32.5
11/8/01 2:10,35.4
11/8/01 2:20,30.9
11/8/01 2:30,34.3
11/8/01 2:40,32.7
11/8/01 2:50,31.2
11/8/01 3:00,34.5
11/8/01 3:10,32.5
11/8/01 3:20,33.8
11/8/01 3:30,27.5
11/8/01 3:40,26.9
11/8/01 3:50,25.9
11/8/01 4:00,32.1
11/8/01 4:10,32.6
11/8/01 4:20,34.9
11/8/01 4:30,30.9
11/8/01 4:40,26.9
11/8/01 4:50,29.4
11/8/01 5:00,25.7
11/8/01 5:10,31.2
11/8/01 5:20,28.4
11/8/01 5:30,29.2
11/8/01 5:40,26.8
11/8/01 5:50,28.3
11/8/01 6:00,30.7
11/8/01 6:10,28.3
11/8/01 6:20,25.8
11/8/01 6:30,22.9
11/8/01 6:40,21.7
11/8/01 6:50,24.3
11/8/01 7:00,21.3
11/8/01 7:10,21.7
11/8/01 7:20,27.6
11/8/01 7:30,24.8
11/8/01 7:40,23.7
11/8/01 7:50,21.4
11/8/01 8:00,19.3
11/8/01 8:10,20
11/8/01 8:20,20.4
11/8/01 8:30,21.4
11/8/01 8:40,22.3
11/8/01 8:50,22.2
11/8/01 9:00,23.5
11/8/01 9:10,23.9
11/8/01 9:20,23.4
11/8/01 9:30,24.6
11/8/01 9:40,24.9
11/8/01 9:50,22.6
11/8/01 10:00,19.9
11/8/01 10:10,22.3
11/8/01 10:20,22
11/8/01 10:30,22.2
11/8/01 10:40,24.1
11/8/01 10:50,22.5
11/8/01 11:00,20.6
11/8/01 11:10,21
11/8/01 11:20,21.6
11/8/01 11:30,18.9
11/8/01 11:40,17.5
11/8/01 11:50,16.6
11/8/01 12:00,18.1
11/8/01 12:10,17.2
11/8/01 12:20,17
11/8/01 12:30,16.9
11/8/01 12:40,17.2
11/8/01 12:50,16.7
11/8/01 13:00,16.8
11/8/01 13:10,14.9
11/8/01 13:20,13.5
11/8/01 13:30,15.2
11/8/01 13:40,12.4
11/8/01 13:50,13
11/8/01 14:00,13.5
11/8/01 14:10,13.3
11/8/01 14:20,13.9
11/8/01 14:30,13.2
11/8/01 14:40,14.6
11/8/01 14:50,13.8
11/8/01 15:00,13.2
11/8/01 15:10,14.4
11/8/01 15:20,14
11/8/01 15:30,13.3
11/8/01 15:40,11.7
11/8/01 15:50,11.5
11/8/01 16:00,12.2
11/8/01 16:10,14.2
11/8/01 16:20,11.7
11/8/01 16:30,13.2
11/8/01 16:40,12.2
11/8/01 16:50,9.8
11/8/01 17:00,9.1
11/8/01 17:10,9.2
11/8/01 17:20,9.1
11/8/01 17:30,8.2
11/8/01 17:40,8.8
11/8/01 17:50,8.1
11/8/01 18:00,7.6
11/8/01 18:10,9.6
11/8/01 18:20,8.1
11/8/01 18:30,7.7
11/8/01 18:40,7.3
11/8/01 18:50,7.8
11/8/01 19:00,8.3
11/8/01 19:10,11
11/8/01 19:20,11.6
11/8/01 19:30,13.5
11/8/01 19:40,12.1
11/8/01 19:50,12.8
11/8/01 20:00,13.2
11/8/01 20:10,13.7
11/8/01 20:20,14.6
11/8/01 20:30,15
11/8/01 20:40,14.1
11/8/01 20:50,13.9
11/8/01 21:00,14.7
11/8/01 21:10,14.7
11/8/01 21:20,14.1
11/8/01 21:30,15.5
11/8/01 21:40,15.2
11/8/01 21:50,15.6
11/8/01 22:00,15.8
11/8/01 22:10,15.6
11/8/01 22:20,16.4
11/8/01 22:30,17.6
11/8/01 22:40,19.7
11/8/01 22:50,19.7
11/8/01 23:00,19.5
11/8/01 23:10,18.8
11/8/01 23:20,18.6
11/8/01 23:30,18.6
11/8/01 23:40,18.1
11/8/01 23:50,17.4
11/9/01 0:00,19.5
11/9/01 0:10,21.2
11/9/01 0:20,19
11/9/01 0:30,18.9
11/9/01 0:40,21
11/9/01 0:50,21.7
11/9/01 1:00,21.5
11/9/01 1:10,21.2
11/9/01 1:20,21.3
11/9/01 1:30,22.8
11/9/01 1:40,22.3
11/9/01 1:50,22.5
11/9/01 2:00,22.2
11/9/01 2:10,21.7
11/9/01 2:20,20.8
11/9/01 2:30,19.7
11/9/01 2:40,21.3
11/9/01 2:50,22.6
11/9/01 3:00,21.8
11/9/01 3:10,21.5
11/9/01 3:20,19.9
11/9/01 3:30,19
11/9/01 3:40,20.6
11/9/01 3:50,22.1
11/9/01 4:00,22.1
11/9/01 4:10,20.6
11/9/01 4:20,20.7
11/9/01 4:30,19.3
11/9/01 4:40,21.2
11/9/01 4:50,21.8
11/9/01 5:00,21.9
11/9/01 5:10,22.8
11/9/01 5:20,19.9
11/9/01 5:30,17.4
11/9/01 5:40,15.8
11/9/01 5:50,17.3
11/9/01 6:00,19.2
11/9/01 6:10,19.9
11/9/01 6:20,23.1
11/9/01 6:30,22.1
11/9/01 6:40,21.3
11/9/01 6:50,21.7
11/9/01 7:00,20.8
11/9/01 7:10,20
11/9/01 7:20,19.5
11/9/01 7:30,18.4
11/9/01 7:40,17.7
11/9/01 7:50,19.1
11/9/01 8:00,18.3
11/9/01 8:10,19.7
11/9/01 8:20,18.9
11/9/01 8:30,18.7
11/9/01 8:40,19.5
11/9/01 8:50,19.7
11/9/01 9:00,19
11/9/01 9:10,18.7
11/9/01 9:20,15.8
11/9/01 9:30,17.1
11/9/01 9:40,17.1
11/9/01 9:50,14.7
11/9/01 10:00,11.8
11/9/01 10:10,15.7
11/9/01 10:20,16.7
11/9/01 10:30,16.9
11/9/01 10:40,22
11/9/01 10:50,19.3
11/9/01 11:00,19.1
11/9/01 11:10,17.2
11/9/01 11:20,16.8
11/9/01 11:30,18.3
11/9/01 11:40,16.7
11/9/01 11:50,14.6
11/9/01 12:00,14.9
11/9/01 12:10,15.5
11/9/01 12:20,15.5
11/9/01 12:30,18.8
11/9/01 12:40,19.1
11/9/01 12:50,18.5
11/9/01 13:00,20.1
11/9/01 13:10,20.5
11/9/01 13:20,22
11/9/01 13:30,20.3
11/9/01 13:40,21.8
11/9/01 13:50,24.5
11/9/01 14:00,27
11/9/01 14:10,28.4
11/9/01 14:20,25.7
11/9/01 14:30,23.8
11/9/01 14:40,24.7
11/9/01 14:50,26.7
11/9/01 15:00,27.1
11/9/01 15:10,26.9
11/9/01 15:20,26
11/9/01 15:30,26.1
11/9/01 15:40,24.8
11/9/01 15:50,23.8
11/9/01 16:00,25.3
11/9/01 16:10,24.5
11/9/01 16:20,22.3
11/9/01 16:30,22.9
11/9/01 16:40,21.9
11/9/01 16:50,20.2
11/9/01 17:00,20.6
11/9/01 17:10,20.2
11/9/01 17:20,20.2
11/9/01 17:30,21.2
11/9/01 17:40,22.5
11/9/01 17:50,21.2
11/9/01 18:00,21.6
11/9/01 18:10,22.2
11/9/01 18:20,22.3
11/9/01 18:30,21.2
11/9/01 18:40,21.6
11/9/01 18:50,22.1
11/9/01 19:00,23.4
11/9/01 19:10,24.3
11/9/01 19:20,26
11/9/01 19:30,26.8
11/9/01 19:40,27.9
11/9/01 19:50,29.5
11/9/01 20:00,27.2
11/9/01 20:10,27
11/9/01 20:20,28.2
11/9/01 20:30,29.9
11/9/01 20:40,29.8
11/9/01 20:50,27.7
11/9/01 21:00,25.5
11/9/01 21:10,25.4
11/9/01 21:20,22.9
11/9/01 21:30,20.4
11/9/01 21:40,22
11/9/01 21:50,19.6
11/9/01 22:00,22.2
11/9/01 22:10,23.4
11/9/01 22:20,22.8
11/9/01 22:30,22.4
11/9/01 22:40,22.4
11/9/01 22:50,21.9
11/9/01 23:00,19.7
11/9/01 23:10,18.4
11/9/01 23:20,14
11/9/01 23:30,13.8
11/9/01 23:40,6.4
11/9/01 23:50,13.6
11/10/01 0:00,8.6
11/10/01 0:10,9.6
11/10/01 0:20,12.1
11/10/01 0:30,12.8
11/10/01 0:40,13.3
11/10/01 0:50,14
11/10/01 1:00,14.2
11/10/01 1:10,14.3
11/10/01 1:20,12.6
11/10/01 1:30,12
11/10/01 1:40,12.5
11/10/01 1:50,12.7
11/10/01 2:00,13.5
11/10/01 2:10,13.6
11/10/01 2:20,12.8
11/10/01 2:30,13.9
11/10/01 2:40,13.6
11/10/01 2:50,16
11/10/01 3:00,15.9
11/10/01 3:10,12.8
11/10/01 3:20,12.8
11/10/01 3:30,13.3
11/10/01 3:40,13.3
11/10/01 3:50,13.4
11/10/01 4:00,14.1
11/10/01 4:10,15.5
11/10/01 4:20,15.5
11/10/01 4:30,15.2
11/10/01 4:40,15.4
11/10/01 4:50,14.8
11/10/01 5:00,14.4
11/10/01 5:10,15.1
11/10/01 5:20,14.8
11/10/01 5:30,14.5
11/10/01 5:40,14.2
11/10/01 5:50,13.7
11/10/01 6:00,13.6
11/10/01 6:10,13.4
11/10/01 6:20,14.1
11/10/01 6:30,14.6
11/10/01 6:40,13.6
11/10/01 6:50,13.1
11/10/01 7:00,12.4
11/10/01 7:10,11.6
11/10/01 7:20,11.9
11/10/01 7:30,11.4
11/10/01 7:40,12.8
11/10/01 7:50,13
11/10/01 8:00,13.7
11/10/01 8:10,14.3
11/10/01 8:20,14.6
11/10/01 8:30,13.2
11/10/01 8:40,12.4
11/10/01 8:50,11.5
11/10/01 9:00,11.1
11/10/01 9:10,10.8
11/10/01 9:20,10.2
11/10/01 9:30,11
11/10/01 9:40,11
11/10/01 9:50,10.6
11/10/01 10:00,9.8
11/10/01 10:10,10.1
11/10/01 10:20,9.2
11/10/01 10:30,8.3
11/10/01 10:40,8.2
11/10/01 10:50,7.6
11/10/01 11:00,6.3
11/10/01 11:10,5.3
11/10/01 11:20,5.6
11/10/01 11:30,7.4
11/10/01 11:40,8.7
11/10/01 11:50,8.7
11/10/01 12:00,7.2
11/10/01 12:10,8
11/10/01 12:20,6.9
11/10/01 12:30,6.4
11/10/01 12:40,6.9
11/10/01 12:50,6.9
11/10/01 13:00,6
11/10/01 13:10,6.6
11/10/01 13:20,7.6
11/10/01 13:30,8.3
11/10/01 13:40,9.2
11/10/01 13:50,8.5
11/10/01 14:00,6.9
11/10/01 14:10,8.6
11/10/01 14:20,9.4
11/10/01 14:30,7.2
11/10/01 14:40,6.8
11/10/01 14:50,9.1
11/10/01 15:00,9.4
11/10/01 15:10,8
11/10/01 15:20,8.2
11/10/01 15:30,9.3
11/10/01 15:40,8.8
11/10/01 15:50,8.3
11/10/01 16:00,7.5
11/10/01 16:10,6.2
11/10/01 16:20,6
11/10/01 16:30,6.7
11/10/01 16:40,7.3
11/10/01 16:50,6.2
11/10/01 17:00,6
11/10/01 17:10,5.3
11/10/01 17:20,7.1
11/10/01 17:30,6.9
11/10/01 17:40,5.8
11/10/01 17:50,6.3
11/10/01 18:00,6.2
11/10/01 18:10,5.5
11/10/01 18:20,5.1
11/10/01 18:30,5.3
11/10/01 18:40,5
11/10/01 18:50,4.9
11/10/01 19:00,3.6
11/10/01 19:10,2.7
11/10/01 19:20,1.2
11/10/01 19:30,0.9
11/10/01 19:40,0.8
11/10/01 19:50,2.7
11/10/01 20:00,2
11/10/01 20:10,1.9
11/10/01 20:20,2.4
11/10/01 20:30,2
11/10/01 20:40,1.5
11/10/01 20:50,1.8
11/10/01 21:00,1.7
11/10/01 21:10,1.4
11/10/01 21:20,1
11/10/01 21:30,0
11/10/01 21:40,1
11/10/01 21:50,2.4
11/10/01 22:00,2
11/10/01 22:10,3.2
11/10/01 22:20,4.8
11/10/01 22:30,5.9
11/10/01 22:40,6.8
11/10/01 22:50,8
11/10/01 23:00,7.5
11/10/01 23:10,6.3
11/10/01 23:20,5.1
11/10/01 23:30,7.1
11/10/01 23:40,8.1
11/10/01 23:50,8.6
11/11/01 0:00,8.3
11/11/01 0:10,10.8
11/11/01 0:20,11.7
11/11/01 0:30,12.5
11/11/01 0:40,13.3
11/11/01 0:50,13.3
11/11/01 1:00,15.4
11/11/01 1:10,15.1
11/11/01 1:20,14.8
11/11/01 1:30,14.8
11/11/01 1:40,15
11/11/01 1:50,13.5
11/11/01 2:00,11.6
11/11/01 2:10,11.2
11/11/01 2:20,11.4
11/11/01 2:30,11.2
11/11/01 2:40,12
11/11/01 2:50,14.2
11/11/01 3:00,13.7
11/11/01 3:10,12.4
11/11/01 3:20,11.6
11/11/01 3:30,12.7
11/11/01 3:40,12.9
11/11/01 3:50,13.2
11/11/01 4:00,12.2
11/11/01 4:10,12.3
11/11/01 4:20,12.7
11/11/01 4:30,13
11/11/01 4:40,12.3
11/11/01 4:50,12
11/11/01 5:00,11.6
11/11/01 5:10,12.5
11/11/01 5:20,13.9
11/11/01 5:30,14.2
11/11/01 5:40,15.4
11/11/01 5:50,17.6
11/11/01 6:00,17
11/11/01 6:10,16.3
11/11/01 6:20,16.4
11/11/01 6:30,15.3
11/11/01 6:40,14.6
11/11/01 6:50,15.5
11/11/01 7:00,17.4
11/11/01 7:10,17.5
11/11/01 7:20,18.9
11/11/01 7:30,18.7
11/11/01 7:40,17.9
11/11/01 7:50,17.5
11/11/01 8:00,17
11/11/01 8:10,16.2
11/11/01 8:20,17.4
11/11/01 8:30,17.5
11/11/01 8:40,16.8
11/11/01 8:50,16.7
11/11/01 9:00,15.4
11/11/01 9:10,14.2
11/11/01 9:20,13
11/11/01 9:30,12
11/11/01 9:40,12.3
11/11/01 9:50,13.7
11/11/01 10:00,13.8
11/11/01 10:10,16.3
11/11/01 10:20,17.2
11/11/01 10:30,19
11/11/01 10:40,19.5
11/11/01 10:50,18.9
11/11/01 11:00,18.6
11/11/01 11:10,19.6
11/11/01 11:20,21.1
11/11/01 11:30,21.8
11/11/01 11:40,19.8
11/11/01 11:50,17.9
11/11/01 12:00,17.4
11/11/01 12:10,18.5
11/11/01 12:20,18.4
11/11/01 12:30,17.2
11/11/01 12:40,18.2
11/11/01 12:50,20
11/11/01 13:00,18.4
11/11/01 13:10,19.1
11/11/01 13:20,20.1
11/11/01 13:30,18
11/11/01 13:40,19.4
11/11/01 13:50,18.3
11/11/01 14:00,15.6
11/11/01 14:10,18.6
11/11/01 14:20,18.2
11/11/01 14:30,17.8
11/11/01 14:40,19.7
11/11/01 14:50,18.1
11/11/01 15:00,17.6
11/11/01 15:10,18.1
11/11/01 15:20,17.5
11/11/01 15:30,19.5
11/11/01 15:40,17
11/11/01 15:50,18.7
11/11/01 16:00,18.5
11/11/01 16:10,19.4
11/11/01 16:20,19.5
11/11/01 16:30,17.4
11/11/01 16:40,17.6
11/11/01 16:50,17
11/11/01 17:00,16.5
11/11/01 17:10,16.8
11/11/01 17:20,15.8
11/11/01 17:30,14.6
11/11/01 17:40,14.9
11/11/01 17:50,14.4
11/11/01 18:00,14.9
11/11/01 18:10,15.7
11/11/01 18:20,15.7
11/11/01 18:30,15.2
11/11/01 18:40,15.9
11/11/01 18:50,15.3
11/11/01 19:00,14.9
11/11/01 19:10,16.9
11/11/01 19:20,16.8
11/11/01 19:30,17.5
11/11/01 19:40,19.8
11/11/01 19:50,20.5
11/11/01 20:00,19.2
11/11/01 20:10,17.9
11/11/01 20:20,16.7
11/11/01 20:30,14.9
11/11/01 20:40,16.8
11/11/01 20:50,17.8
11/11/01 21:00,17.4
11/11/01 21:10,18.6
11/11/01 21:20,18.1
11/11/01 21:30,17.1
11/11/01 21:40,17.5
11/11/01 21:50,18.1
11/11/01 22:00,18.7
11/11/01 22:10,16.7
11/11/01 22:20,17
11/11/01 22:30,17.9
11/11/01 22:40,18.4
11/11/01 22:50,16.6
11/11/01 23:00,17.5
11/11/01 23:10,17.2
11/11/01 23:20,17.2
11/11/01 23:30,17.4
11/11/01 23:40,17.7
11/11/01 23:50,15.6
11/12/01 0:00,14.3
11/12/01 0:10,14.3
11/12/01 0:20,14.8
11/12/01 0:30,15.6
11/12/01 0:40,16.8
11/12/01 0:50,16.4
11/12/01 1:00,16.4
11/12/01 1:10,16.4
11/12/01 1:20,15.6
11/12/01 1:30,14.8
11/12/01 1:40,14.4
11/12/01 1:50,16
11/12/01 2:00,16.2
11/12/01 2:10,16.9
11/12/01 2:20,16.9
11/12/01 2:30,17.2
11/12/01 2:40,17.7
11/12/01 2:50,16.8
11/12/01 3:00,16.2
11/12/01 3:10,16.1
11/12/01 3:20,14.9
11/12/01 3:30,13.9
11/12/01 3:40,14.8
11/12/01 3:50,15.1
11/12/01 4:00,16
11/12/01 4:10,14.8
11/12/01 4:20,14.9
11/12/01 4:30,14.7
11/12/01 4:40,14.2
11/12/01 4:50,14.4
11/12/01 5:00,12
11/12/01 5:10,12.6
11/12/01 5:20,13.1
11/12/01 5:30,13.7
11/12/01 5:40,12.5
11/12/01 5:50,12.5
11/12/01 6:00,11.5
11/12/01 6:10,11.2
11/12/01 6:20,11.7
11/12/01 6:30,11.5
11/12/01 6:40,14.1
11/12/01 6:50,15
11/12/01 7:00,14.8
11/12/01 7:10,13.5
11/12/01 7:20,12.2
11/12/01 7:30,12.4
11/12/01 7:40,12.4
11/12/01 7:50,10.5
11/12/01 8:00,9.5
11/12/01 8:10,9.5
11/12/01 8:20,11.1
11/12/01 8:30,10.6
11/12/01 8:40,11.9
11/12/01 8:50,13.9
11/12/01 9:00,17.1
11/12/01 9:10,18.7
11/12/01 9:20,18.7
11/12/01 9:30,19.2
11/12/01 9:40,19
11/12/01 9:50,19.2
11/12/01 10:00,20.6
11/12/01 10:10,20.9
11/12/01 10:20,21
11/12/01 10:30,22.9
11/12/01 10:40,23.9
11/12/01 10:50,25.5
11/12/01 11:00,26.1
11/12/01 11:10,26
11/12/01 11:20,26.6
11/12/01 11:30,25.4
11/12/01 11:40,24
11/12/01 11:50,23.6
11/12/01 12:00,23.3
11/12/01 12:10,22.8
11/12/01 12:20,22.5
11/12/01 12:30,22.7
11/12/01 12:40,24.4
11/12/01 12:50,25.6
11/12/01 13:00,25
11/12/01 13:10,25.4
11/12/01 13:20,27.4
11/12/01 13:30,25.2
11/12/01 13:40,25.7
11/12/01 13:50,26.7
11/12/01 14:00,26.4
11/12/01 14:10,27.3
11/12/01 14:20,26.7
11/12/01 14:30,27.2
11/12/01 14:40,26.6
11/12/01 14:50,26.9
11/12/01 15:00,25.4
11/12/01 15:10,26.3
11/12/01 15:20,27.5
11/12/01 15:30,28.7
11/12/01 15:40,29.7
11/12/01 15:50,28.3
11/12/01 16:00,27
11/12/01 16:10,29.6
11/12/01 16:20,26.2
11/12/01 16:30,24.4
11/12/01 16:40,21.4
11/12/01 16:50,23.8
11/12/01 17:00,22.3
11/12/01 17:10,24.6
11/12/01 17:20,21.6
11/12/01 17:30,21
11/12/01 17:40,17.6
11/12/01 17:50,17.1
11/12/01 18:00,17.5
11/12/01 18:10,14.8
11/12/01 18:20,14.3
11/12/01 18:30,13.4
11/12/01 18:40,12.7
11/12/01 18:50,13
11/12/01 19:00,12.3
11/12/01 19:10,13.3
11/12/01 19:20,16
11/12/01 19:30,17.9
11/12/01 19:40,16.6
11/12/01 19:50,21.2
11/12/01 20:00,22.5
11/12/01 20:10,21.8
11/12/01 20:20,21.9
11/12/01 20:30,20.1
11/12/01 20:40,18.1
11/12/01 20:50,17.2
11/12/01 21:00,16.6
11/12/01 21:10,15.6
11/12/01 21:20,15.1
11/12/01 21:30,13.1
11/12/01 21:40,12.1
11/12/01 21:50,11.9
11/12/01 22:00,11.9
11/12/01 22:10,12.1
11/12/01 22:20,12.7
11/12/01 22:30,12.8
11/12/01 22:40,14.4
11/12/01 22:50,15.9
11/12/01 23:00,16.4
11/12/01 23:10,16.8
11/12/01 23:20,17.1
11/12/01 23:30,17.9
11/12/01 23:40,17.7
11/12/01 23:50,17.1
11/13/01 0:00,15.3
11/13/01 0:10,13.6
11/13/01 0:20,12.8
11/13/01 0:30,12.9
11/13/01 0:40,14.6
11/13/01 0:50,17.3
11/13/01 1:00,20
11/13/01 1:10,20.5
11/13/01 1:20,21.2
11/13/01 1:30,21
11/13/01 1:40,21
11/13/01 1:50,21.3
11/13/01 2:00,21
11/13/01 2:10,20.1
11/13/01 2:20,19.1
11/13/01 2:30,18.3
11/13/01 2:40,17.5
11/13/01 2:50,16.4
11/13/01 3:00,15.7
11/13/01 3:10,15.3
11/13/01 3:20,16.4
11/13/01 3:30,17.5
11/13/01 3:40,17.4
11/13/01 3:50,16.4
11/13/01 4:00,16.2
11/13/01 4:10,15.9
11/13/01 4:20,14.8
11/13/01 4:30,13.7
11/13/01 4:40,13.8
11/13/01 4:50,14.4
11/13/01 5:00,13.4
11/13/01 5:10,14.1
11/13/01 5:20,14.1
11/13/01 5:30,14.8
11/13/01 5:40,14.3
11/13/01 5:50,14.1
11/13/01 6:00,14.8
11/13/01 6:10,17.2
11/13/01 6:20,19.5
11/13/01 6:30,19.2
11/13/01 6:40,18.1
11/13/01 6:50,19.1
11/13/01 7:00,18.9
11/13/01 7:10,16.7
11/13/01 7:20,15.6
11/13/01 7:30,16.8
11/13/01 7:40,15.4
11/13/01 7:50,13.4
11/13/01 8:00,11.2
11/13/01 8:10,10
11/13/01 8:20,9.7
11/13/01 8:30,10.4
11/13/01 8:40,10.5
11/13/01 8:50,9.4
11/13/01 9:00,9.4
11/13/01 9:10,8.7
11/13/01 9:20,7.7
11/13/01 9:30,7.2
11/13/01 9:40,7.9
11/13/01 9:50,9.1
11/13/01 10:00,9.4
11/13/01 10:10,10.6
11/13/01 10:20,12.1
11/13/01 10:30,14.6
11/13/01 10:40,15.8
11/13/01 10:50,14.6
11/13/01 11:00,15.9
11/13/01 11:10,17.1
11/13/01 11:20,15.8
11/13/01 11:30,19.5
11/13/01 11:40,17.9
11/13/01 11:50,17.2
11/13/01 12:00,18.5
11/13/01 12:10,17.9
11/13/01 12:20,19
11/13/01 12:30,20.7
11/13/01 12:40,22.3
11/13/01 12:50,21.7
11/13/01 13:00,21.3
11/13/01 13:10,24.1
11/13/01 13:20,23.3
11/13/01 13:30,23.3
11/13/01 13:40,21.6
11/13/01 13:50,23.3
11/13/01 14:00,23.5
11/13/01 14:10,21.3
11/13/01 14:20,22.3
11/13/01 14:30,19.8
11/13/01 14:40,21.5
11/13/01 14:50,20
11/13/01 15:00,21.1
11/13/01 15:10,23.5
11/13/01 15:20,20.5
11/13/01 15:30,20.5
11/13/01 15:40,20
11/13/01 15:50,23
11/13/01 16:00,22.5
11/13/01 16:10,19
11/13/01 16:20,22
11/13/01 16:30,23.3
11/13/01 16:40,20.6
11/13/01 16:50,20
11/13/01 17:00,21.3
11/13/01 17:10,20
11/13/01 17:20,18.2
11/13/01 17:30,18.2
11/13/01 17:40,16.9
11/13/01 17:50,17.9
11/13/01 18:00,17
11/13/01 18:10,20.9
11/13/01 18:20,20.6
11/13/01 18:30,20.9
11/13/01 18:40,19
11/13/01 18:50,20.1
11/13/01 19:00,18.1
11/13/01 19:10,18.3
11/13/01 19:20,17.9
11/13/01 19:30,21.5
11/13/01 19:40,21
11/13/01 19:50,19.9
11/13/01 20:00,20.8
11/13/01 20:10,20.9
11/13/01 20:20,19.2
11/13/01 20:30,19.5
11/13/01 20:40,21.6
11/13/01 20:50,19.5
11/13/01 21:00,17.6
11/13/01 21:10,18.6
11/13/01 21:20,18.5
11/13/01 21:30,18.6
11/13/01 21:40,19.9
11/13/01 21:50,19.7
11/13/01 22:00,18.7
11/13/01 22:10,18.1
11/13/01 22:20,18.7
11/13/01 22:30,18.3
11/13/01 22:40,19
11/13/01 22:50,18.6
11/13/01 23:00,18.5
11/13/01 23:10,15.6
11/13/01 23:20,17.1
11/13/01 23:30,17.5
11/13/01 23:40,16.2
11/13/01 23:50,15.4
11/14/01 0:00,16
11/14/01 0:10,16.1
11/14/01 0:20,16
11/14/01 0:30,17.2
11/14/01 0:40,17.8
11/14/01 0:50,18.1
11/14/01 1:00,18.7
11/14/01 1:10,18.3
11/14/01 1:20,17.8
11/14/01 1:30,17.2
11/14/01 1:40,16.4
11/14/01 1:50,14.9
11/14/01 2:00,14.5
11/14/01 2:10,14.1
11/14/01 2:20,14.3
11/14/01 2:30,15.4
11/14/01 2:40,16.2
11/14/01 2:50,15.6
11/14/01 3:00,15.5
11/14/01 3:10,15.2
11/14/01 3:20,14.8
11/14/01 3:30,14.6
11/14/01 3:40,16.6
11/14/01 3:50,17.1
11/14/01 4:00,17.5
11/14/01 4:10,16.6
11/14/01 4:20,17
11/14/01 4:30,14.8
11/14/01 4:40,13.3
11/14/01 4:50,14
11/14/01 5:00,14.6
11/14/01 5:10,15.3
11/14/01 5:20,15.3
11/14/01 5:30,14.7
11/14/01 5:40,17.1
11/14/01 5:50,17.4
11/14/01 6:00,17.7
11/14/01 6:10,16.3
11/14/01 6:20,14.8
11/14/01 6:30,13.9
11/14/01 6:40,15.3
11/14/01 6:50,17.4
11/14/01 7:00,18.5
11/14/01 7:10,18.1
11/14/01 7:20,16
11/14/01 7:30,15.5
11/14/01 7:40,14.7
11/14/01 7:50,14.9
11/14/01 8:00,12.2
11/14/01 8:10,9.8
11/14/01 8:20,9.9
11/14/01 8:30,11.1
11/14/01 8:40,11.6
11/14/01 8:50,10.5
11/14/01 9:00,10.6
11/14/01 9:10,9.9
11/14/01 9:20,9.9
11/14/01 9:30,11.8
11/14/01 9:40,11.3
11/14/01 9:50,9.6
11/14/01 10:00,11.9
11/14/01 10:10,15.6
11/14/01 10:20,14.3
11/14/01 10:30,14.3
11/14/01 10:40,14.9
11/14/01 10:50,15
11/14/01 11:00,16
11/14/01 11:10,14
11/14/01 11:20,14.4
11/14/01 11:30,13.2
11/14/01 11:40,13.7
11/14/01 11:50,13.5
11/14/01 12:00,13.6
11/14/01 12:10,17.5
11/14/01 12:20,18.1
11/14/01 12:30,19.5
11/14/01 12:40,17.2
11/14/01 12:50,15.8
11/14/01 13:00,15.5
11/14/01 13:10,17.5
11/14/01 13:20,18.9
11/14/01 13:30,18.6
11/14/01 13:40,17.3
11/14/01 13:50,17.2
11/14/01 14:00,17.6
11/14/01 14:10,19
11/14/01 14:20,18.5
11/14/01 14:30,19.2
11/14/01 14:40,18.4
11/14/01 14:50,16.2
11/14/01 15:00,17.9
11/14/01 15:10,18.3
11/14/01 15:20,17.1
11/14/01 15:30,16.8
11/14/01 15:40,16.4
11/14/01 15:50,17.2
11/14/01 16:00,16.7
11/14/01 16:10,16.5
11/14/01 16:20,16.5
11/14/01 16:30,14.6
11/14/01 16:40,13.2
11/14/01 16:50,14.6
11/14/01 17:00,12.3
11/14/01 17:10,12.6
11/14/01 17:20,12.2
11/14/01 17:30,10.6
11/14/01 17:40,10.6
11/14/01 17:50,11.6
11/14/01 18:00,12.7
11/14/01 18:10,12.3
11/14/01 18:20,11.6
11/14/01 18:30,12
11/14/01 18:40,12.3
11/14/01 18:50,11.6
11/14/01 19:00,11.8
11/14/01 19:10,10.5
11/14/01 19:20,9.4
11/14/01 19:30,10.7
11/14/01 19:40,10.6
11/14/01 19:50,12.8
11/14/01 20:00,11.6
11/14/01 20:10,10.4
11/14/01 20:20,7.3
11/14/01 20:30,8.2
11/14/01 20:40,8.8
11/14/01 20:50,9.8
11/14/01 21:00,11.7
11/14/01 21:10,12.1
11/14/01 21:20,10.9
11/14/01 21:30,11.5
11/14/01 21:40,10.7
11/14/01 21:50,7.9
11/14/01 22:00,6.1
11/14/01 22:10,8.9
11/14/01 22:20,10.6
11/14/01 22:30,11.2
11/14/01 22:40,11.2
11/14/01 22:50,9.7
11/14/01 23:00,7.2
11/14/01 23:10,8.8
11/14/01 23:20,9.9
11/14/01 23:30,8.8
11/14/01 23:40,7.3
11/14/01 23:50,10.2
11/15/01 0:00,12.7
11/15/01 0:10,13.3
11/15/01 0:20,15.6
11/15/01 0:30,15.9
11/15/01 0:40,15.6
11/15/01 0:50,16
11/15/01 1:00,12.9
11/15/01 1:10,12.5
11/15/01 1:20,12.8
11/15/01 1:30,13.9
11/15/01 1:40,14.6
11/15/01 1:50,12.1
11/15/01 2:00,8.8
11/15/01 2:10,10.1
11/15/01 2:20,7.9
11/15/01 2:30,7.4
11/15/01 2:40,5.1
11/15/01 2:50,7.5
11/15/01 3:00,8.7
11/15/01 3:10,10.1
11/15/01 3:20,12.4
11/15/01 3:30,12
11/15/01 3:40,10.6
11/15/01 3:50,12.7
11/15/01 4:00,12
11/15/01 4:10,11.5
11/15/01 4:20,13.3
11/15/01 4:30,13.2
11/15/01 4:40,13.1
11/15/01 4:50,11.1
11/15/01 5:00,11.8
11/15/01 5:10,12.4
11/15/01 5:20,13.3
11/15/01 5:30,13.5
11/15/01 5:40,13
11/15/01 5:50,13
11/15/01 6:00,10.4
11/15/01 6:10,9.7
11/15/01 6:20,10.9
11/15/01 6:30,12.2
11/15/01 6:40,10.6
11/15/01 6:50,12.1
11/15/01 7:00,11.6
11/15/01 7:10,12.1
11/15/01 7:20,12.4
11/15/01 7:30,12.4
11/15/01 7:40,11.3
11/15/01 7:50,11.2
11/15/01 8:00,10.1
11/15/01 8:10,10.4
11/15/01 8:20,10.4
11/15/01 8:30,11.3
11/15/01 8:40,12.1
11/15/01 8:50,10.2
11/15/01 9:00,10
11/15/01 9:10,11.3
11/15/01 9:20,11.3
11/15/01 9:30,11.7
11/15/01 9:40,8.1
11/15/01 9:50,7.4
11/15/01 10:00,8.3
11/15/01 10:10,10.7
11/15/01 10:20,12
11/15/01 10:30,12.1
11/15/01 10:40,9.1
11/15/01 10:50,9.5
11/15/01 11:00,11.4
11/15/01 11:10,8.9
11/15/01 11:20,9.5
11/15/01 11:30,9.4
11/15/01 11:40,11
11/15/01 11:50,10.3
11/15/01 12:00,8.1
11/15/01 12:10,7.9
11/15/01 12:20,7.6
11/15/01 12:30,7.8
11/15/01 12:40,7.7
11/15/01 12:50,6.6
11/15/01 13:00,5.4
11/15/01 13:10,4.8
11/15/01 13:20,6
11/15/01 13:30,6.3
11/15/01 13:40,9.8
11/15/01 13:50,9.1
11/15/01 14:00,9.9
11/15/01 14:10,9.5
11/15/01 14:20,9.6
11/15/01 14:30,9.1
11/15/01 14:40,8.4
11/15/01 14:50,9
11/15/01 15:00,6.8
11/15/01 15:10,6
11/15/01 15:20,7.2
11/15/01 15:30,8.6
11/15/01 15:40,8.5
11/15/01 15:50,8.1
11/15/01 16:00,7.9
11/15/01 16:10,8.7
11/15/01 16:20,9
11/15/01 16:30,8
11/15/01 16:40,7.7
11/15/01 16:50,7.9
11/15/01 17:00,7.2
11/15/01 17:10,7.1
11/15/01 17:20,6.3
11/15/01 17:30,6.1
11/15/01 17:40,5
11/15/01 17:50,5.8
11/15/01 18:00,5.9
11/15/01 18:10,5.9
11/15/01 18:20,6.5
11/15/01 18:30,6
11/15/01 18:40,4.9
11/15/01 18:50,4.2
11/15/01 19:00,4.4
11/15/01 19:10,5.9
11/15/01 19:20,6.7
11/15/01 19:30,5.8
11/15/01 19:40,7.6
11/15/01 19:50,8.7
11/15/01 20:00,8.2
11/15/01 20:10,8.5
11/15/01 20:20,11.4
11/15/01 20:30,13.7
11/15/01 20:40,13.1
11/15/01 20:50,10.3
11/15/01 21:00,9.2
11/15/01 21:10,12.8
11/15/01 21:20,15.2
11/15/01 21:30,14.4
11/15/01 21:40,13.8
11/15/01 21:50,12.2
11/15/01 22:00,10.8
11/15/01 22:10,10.8
11/15/01 22:20,12.1
11/15/01 22:30,11.9
11/15/01 22:40,11.1
11/15/01 22:50,11
11/15/01 23:00,14.3
11/15/01 23:10,16.3
11/15/01 23:20,16.9
11/15/01 23:30,17.4
11/15/01 23:40,17.7
11/15/01 23:50,16.4
11/16/01 0:00,17.5
11/16/01 0:10,16.7
11/16/01 0:20,16
11/16/01 0:30,15.1
11/16/01 0:40,15.5
11/16/01 0:50,16.8
11/16/01 1:00,16.8
11/16/01 1:10,16.5
11/16/01 1:20,16.1
11/16/01 1:30,16.1
11/16/01 1:40,15.3
11/16/01 1:50,17.4
11/16/01 2:00,17.7
11/16/01 2:10,18.2
11/16/01 2:20,17.9
11/16/01 2:30,17.2
11/16/01 2:40,17.2
11/16/01 2:50,16.7
11/16/01 3:00,17.6
11/16/01 3:10,17.6
11/16/01 3:20,18
11/16/01 3:30,17.6
11/16/01 3:40,15.7
11/16/01 3:50,14.1
11/16/01 4:00,13.7
11/16/01 4:10,11.2
11/16/01 4:20,12.3
11/16/01 4:30,13.5
11/16/01 4:40,15.6
11/16/01 4:50,16.5
11/16/01 5:00,14.9
11/16/01 5:10,12.2
11/16/01 5:20,13.7
11/16/01 5:30,15.4
11/16/01 5:40,15.2
11/16/01 5:50,14
11/16/01 6:00,12.9
11/16/01 6:10,13
11/16/01 6:20,12
11/16/01 6:30,8.4
11/16/01 6:40,7
11/16/01 6:50,9.1
11/16/01 7:00,11.2
11/16/01 7:10,9.2
11/16/01 7:20,7.2
11/16/01 7:30,8.5
11/16/01 7:40,11.1
11/16/01 7:50,11.4
11/16/01 8:00,11.7
11/16/01 8:10,11.8
11/16/01 8:20,13.3
11/16/01 8:30,12.4
11/16/01 8:40,13.1
11/16/01 8:50,11.8
11/16/01 9:00,10.9
11/16/01 9:10,10.5
11/16/01 9:20,10.2
11/16/01 9:30,9.9
11/16/01 9:40,10.7
11/16/01 9:50,11.3
11/16/01 10:00,11.4
11/16/01 10:10,12
11/16/01 10:20,11
11/16/01 10:30,10.6
11/16/01 10:40,11
11/16/01 10:50,11.6
11/16/01 11:00,11.2
11/16/01 11:10,11.3
11/16/01 11:20,13.2
11/16/01 11:30,13
11/16/01 11:40,15.6
11/16/01 11:50,16.9
11/16/01 12:00,17.9
11/16/01 12:10,18.1
11/16/01 12:20,18.4
11/16/01 12:30,18.3
11/16/01 12:40,18.6
11/16/01 12:50,17.7
11/16/01 13:00,19.5
11/16/01 13:10,20.1
11/16/01 13:20,19.3
11/16/01 13:30,21.8
11/16/01 13:40,23
11/16/01 13:50,19.9
11/16/01 14:00,21.6
11/16/01 14:10,24.3
11/16/01 14:20,24.5
11/16/01 14:30,23.6
11/16/01 14:40,24.7
11/16/01 14:50,23.2
11/16/01 15:00,23.9
11/16/01 15:10,24.1
11/16/01 15:20,22.3
11/16/01 15:30,21.8
11/16/01 15:40,23.3
11/16/01 15:50,22.3
11/16/01 16:00,23.5
11/16/01 16:10,20.7
11/16/01 16:20,22.5
11/16/01 16:30,21.5
11/16/01 16:40,21.2
11/16/01 16:50,20.6
11/16/01 17:00,21.4
11/16/01 17:10,20.1
11/16/01 17:20,16.3
11/16/01 17:30,16.3
11/16/01 17:40,17.9
11/16/01 17:50,16.6
11/16/01 18:00,16.5
11/16/01 18:10,14.9
11/16/01 18:20,14.1
11/16/01 18:30,14.9
11/16/01 18:40,15.6
11/16/01 18:50,15.7
11/16/01 19:00,17
11/16/01 19:10,17
11/16/01 19:20,16.8
11/16/01 19:30,16.8
11/16/01 19:40,17
11/16/01 19:50,15.3
11/16/01 20:00,16.3
11/16/01 20:10,16.6
11/16/01 20:20,17.2
11/16/01 20:30,17.3
11/16/01 20:40,16.3
11/16/01 20:50,16.8
11/16/01 21:00,17.2
11/16/01 21:10,17.1
11/16/01 21:20,18.1
11/16/01 21:30,17.9
11/16/01 21:40,17.7
11/16/01 21:50,17.5
11/16/01 22:00,16.4
11/16/01 22:10,17.5
11/16/01 22:20,18.7
11/16/01 22:30,19.3
11/16/01 22:40,18.4
11/16/01 22:50,19.4
11/16/01 23:00,19.7
11/16/01 23:10,19.1
11/16/01 23:20,18.9
11/16/01 23:30,18.7
11/16/01 23:40,18.6
11/16/01 23:50,17.8
11/17/01 0:00,17.1
11/17/01 0:10,17.4
11/17/01 0:20,17.1
11/17/01 0:30,16.4
11/17/01 0:40,17
11/17/01 0:50,17.5
11/17/01 1:00,18.6
11/17/01 1:10,18.4
11/17/01 1:20,16.6
11/17/01 1:30,15
11/17/01 1:40,16.7
11/17/01 1:50,18.3
11/17/01 2:00,17.8
11/17/01 2:10,19.1
11/17/01 2:20,20
11/17/01 2:30,18.9
11/17/01 2:40,18.9
11/17/01 2:50,19
11/17/01 3:00,17.8
11/17/01 3:10,15.4
11/17/01 3:20,14.1
11/17/01 3:30,14.5
11/17/01 3:40,16.2
11/17/01 3:50,16
11/17/01 4:00,15
11/17/01 4:10,16.1
11/17/01 4:20,17.7
11/17/01 4:30,17.8
11/17/01 4:40,17.3
11/17/01 4:50,18.1
11/17/01 5:00,17.9
11/17/01 5:10,17.5
11/17/01 5:20,18.3
11/17/01 5:30,18.1
11/17/01 5:40,16.7
11/17/01 5:50,16.7
11/17/01 6:00,15.7
11/17/01 6:10,14.3
11/17/01 6:20,14
11/17/01 6:30,15.2
11/17/01 6:40,14.7
11/17/01 6:50,14.3
11/17/01 7:00,14.7
11/17/01 7:10,14.9
11/17/01 7:20,15.4
11/17/01 7:30,15.1
11/17/01 7:40,16.9
11/17/01 7:50,18.3
11/17/01 8:00,17.6
11/17/01 8:10,17.4
11/17/01 8:20,15.7
11/17/01 8:30,15.9
11/17/01 8:40,17.6
11/17/01 8:50,17
11/17/01 9:00,18.2
11/17/01 9:10,18.5
11/17/01 9:20,16.4
11/17/01 9:30,16.9
11/17/01 9:40,16.4
11/17/01 9:50,16.5
11/17/01 10:00,17.6
11/17/01 10:10,18.4
11/17/01 10:20,18.1
11/17/01 10:30,18.2
11/17/01 10:40,18.2
11/17/01 10:50,18.5
11/17/01 11:00,17.9
11/17/01 11:10,17.8
11/17/01 11:20,17.2
11/17/01 11:30,18.1
11/17/01 11:40,18.8
11/17/01 11:50,20.2
11/17/01 12:00,20.1
11/17/01 12:10,19.9
11/17/01 12:20,22.1
11/17/01 12:30,21.1
11/17/01 12:40,21.3
11/17/01 12:50,20.7
11/17/01 13:00,26.3
11/17/01 13:10,28.4
11/17/01 13:20,29.3
11/17/01 13:30,28.8
11/17/01 13:40,31.2
11/17/01 13:50,29.9
11/17/01 14:00,27.8
11/17/01 14:10,28.8
11/17/01 14:20,27.2
11/17/01 14:30,23.4
11/17/01 14:40,22.9
11/17/01 14:50,23
11/17/01 15:00,25
11/17/01 15:10,25.7
11/17/01 15:20,28.6
11/17/01 15:30,27.1
11/17/01 15:40,24.8
11/17/01 15:50,23.1
11/17/01 16:00,22.8
11/17/01 16:10,21.3
11/17/01 16:20,18.6
11/17/01 16:30,19.2
11/17/01 16:40,18.5
11/17/01 16:50,18.2
11/17/01 17:00,16.2
11/17/01 17:10,17.4
11/17/01 17:20,19.1
11/17/01 17:30,20.2
11/17/01 17:40,20.2
11/17/01 17:50,20.1
11/17/01 18:00,20
11/17/01 18:10,20.5
11/17/01 18:20,19.3
11/17/01 18:30,19.8
11/17/01 18:40,20.1
11/17/01 18:50,19
11/17/01 19:00,18.6
11/17/01 19:10,19
11/17/01 19:20,19.1
11/17/01 19:30,20
11/17/01 19:40,21.1
11/17/01 19:50,20.5
11/17/01 20:00,17.8
11/17/01 20:10,16.8
11/17/01 20:20,17.1
11/17/01 20:30,16.7
11/17/01 20:40,16.3
11/17/01 20:50,17.6
11/17/01 21:00,15.5
11/17/01 21:10,14.8
11/17/01 21:20,16.5
11/17/01 21:30,19.4
11/17/01 21:40,20.8
11/17/01 21:50,21.6
11/17/01 22:00,23.5
11/17/01 22:10,25.3
11/17/01 22:20,25.1
11/17/01 22:30,22.4
11/17/01 22:40,22.5
11/17/01 22:50,22
11/17/01 23:00,22.2
11/17/01 23:10,22.8
11/17/01 23:20,23.5
11/17/01 23:30,23.4
11/17/01 23:40,23.9
11/17/01 23:50,23.9
11/18/01 0:00,22
11/18/01 0:10,20.3
11/18/01 0:20,19.7
11/18/01 0:30,18.3
11/18/01 0:40,19
11/18/01 0:50,18.3
11/18/01 1:00,17.6
11/18/01 1:10,16.7
11/18/01 1:20,18.2
11/18/01 1:30,18.8
11/18/01 1:40,19.9
11/18/01 1:50,20.7
11/18/01 2:00,22.2
11/18/01 2:10,22.6
11/18/01 2:20,22.1
11/18/01 2:30,21.1
11/18/01 2:40,21.5
11/18/01 2:50,22.4
11/18/01 3:00,21.5
11/18/01 3:10,22
11/18/01 3:20,22
11/18/01 3:30,22.4
11/18/01 3:40,23.3
11/18/01 3:50,25.4
11/18/01 4:00,28.9
11/18/01 4:10,25.9
11/18/01 4:20,26.7
11/18/01 4:30,20.4
11/18/01 4:40,17.4
11/18/01 4:50,18
11/18/01 5:00,17.9
11/18/01 5:10,16.7
11/18/01 5:20,17.7
11/18/01 5:30,19.5
11/18/01 5:40,20.2
11/18/01 5:50,21
11/18/01 6:00,19
11/18/01 6:10,17.1
11/18/01 6:20,17.4
11/18/01 6:30,17.7
11/18/01 6:40,17.5
11/18/01 6:50,19.7
11/18/01 7:00,20
11/18/01 7:10,19.3
11/18/01 7:20,18.3
11/18/01 7:30,18.6
11/18/01 7:40,19.3
11/18/01 7:50,19.7
11/18/01 8:00,19.3
11/18/01 8:10,18
11/18/01 8:20,16.8
11/18/01 8:30,17.9
11/18/01 8:40,19.8
11/18/01 8:50,18.1
11/18/01 9:00,18.3
11/18/01 9:10,16.8
11/18/01 9:20,18.5
11/18/01 9:30,19.2
11/18/01 9:40,20.3
11/18/01 9:50,20.6
11/18/01 10:00,21.2
11/18/01 10:10,20.2
11/18/01 10:20,22.9
11/18/01 10:30,22.4
11/18/01 10:40,20.7
11/18/01 10:50,21.3
11/18/01 11:00,24.5
11/18/01 11:10,20.9
11/18/01 11:20,21
11/18/01 11:30,23
11/18/01 11:40,21.6
11/18/01 11:50,22.5
11/18/01 12:00,26
11/18/01 12:10,25.3
11/18/01 12:20,24.1
11/18/01 12:30,22.8
11/18/01 12:40,24.3
11/18/01 12:50,24.7
11/18/01 13:00,26.4
11/18/01 13:10,27.7
11/18/01 13:20,26.2
11/18/01 13:30,26.9
11/18/01 13:40,28
11/18/01 13:50,25
11/18/01 14:00,22.6
11/18/01 14:10,25.2
11/18/01 14:20,24.9
11/18/01 14:30,27.6
11/18/01 14:40,27.2
11/18/01 14:50,27.6
11/18/01 15:00,27.5
11/18/01 15:10,25.1
11/18/01 15:20,25.4
11/18/01 15:30,26.2
11/18/01 15:40,29.2
11/18/01 15:50,27.9
11/18/01 16:00,27.2
11/18/01 16:10,31.4
11/18/01 16:20,33.1
11/18/01 16:30,31.3
11/18/01 16:40,27.5
11/18/01 16:50,23.9
11/18/01 17:00,20.7
11/18/01 17:10,19.1
11/18/01 17:20,19.7
11/18/01 17:30,19.3
11/18/01 17:40,20.3
11/18/01 17:50,21.6
11/18/01 18:00,22.4
11/18/01 18:10,22.5
11/18/01 18:20,29.3
11/18/01 18:30,27.9
11/18/01 18:40,29.4
11/18/01 18:50,30.2
11/18/01 19:00,28.5
11/18/01 19:10,29.9
11/18/01 19:20,26.5
11/18/01 19:30,26.8
11/18/01 19:40,25.6
11/18/01 19:50,23.7
11/18/01 20:00,23.7
11/18/01 20:10,24.7
11/18/01 20:20,25.4
11/18/01 20:30,26.1
11/18/01 20:40,28.5
11/18/01 20:50,27.6
11/18/01 21:00,27
11/18/01 21:10,32.1
11/18/01 21:20,35.2
11/18/01 21:30,30.9
11/18/01 21:40,25.8
11/18/01 21:50,31.5
11/18/01 22:00,27.9
11/18/01 22:10,23.7
11/18/01 22:20,20.2
11/18/01 22:30,20.8
11/18/01 22:40,22.1
11/18/01 22:50,21.5
11/18/01 23:00,24.2
11/18/01 23:10,24
11/18/01 23:20,27.5
11/18/01 23:30,25.4
11/18/01 23:40,23.9
11/18/01 23:50,22.6
11/19/01 0:00,21.9
11/19/01 0:10,23.5
11/19/01 0:20,23.8
11/19/01 0:30,25
11/19/01 0:40,23.4
11/19/01 0:50,24.3
11/19/01 1:00,26.8
11/19/01 1:10,24.6
11/19/01 1:20,23.5
11/19/01 1:30,22.6
11/19/01 1:40,21.4
11/19/01 1:50,21.4
11/19/01 2:00,21.5
11/19/01 2:10,21.8
11/19/01 2:20,21.8
11/19/01 2:30,22.5
11/19/01 2:40,22
11/19/01 2:50,22.3
11/19/01 3:00,20.1
11/19/01 3:10,21.1
11/19/01 3:20,19.8
11/19/01 3:30,19.2
11/19/01 3:40,19.1
11/19/01 3:50,18.8
11/19/01 4:00,17.8
11/19/01 4:10,16.9
11/19/01 4:20,15.8
11/19/01 4:30,14.1
11/19/01 4:40,17.2
11/19/01 4:50,18.2
11/19/01 5:00,18.9
11/19/01 5:10,19.2
11/19/01 5:20,19.3
11/19/01 5:30,20.5
11/19/01 5:40,20.3
11/19/01 5:50,21.7
11/19/01 6:00,20.2
11/19/01 6:10,20.2
11/19/01 6:20,20
11/19/01 6:30,18.7
11/19/01 6:40,19.4
11/19/01 6:50,18.7
11/19/01 7:00,18.1
11/19/01 7:10,17.6
11/19/01 7:20,17.9
11/19/01 7:30,18.5
11/19/01 7:40,18.6
11/19/01 7:50,21.6
11/19/01 8:00,21
11/19/01 8:10,20.1
11/19/01 8:20,20.8
11/19/01 8:30,19
11/19/01 8:40,19.3
11/19/01 8:50,18.2
11/19/01 9:00,17.1
11/19/01 9:10,17.7
11/19/01 9:20,18.9
11/19/01 9:30,19.1
11/19/01 9:40,19.9
11/19/01 9:50,20
11/19/01 10:00,21.6
11/19/01 10:10,20.7
11/19/01 10:20,20.5
11/19/01 10:30,19.7
11/19/01 10:40,19.6
11/19/01 10:50,19
11/19/01 11:00,18.9
11/19/01 11:10,20
11/19/01 11:20,18.8
11/19/01 11:30,20
11/19/01 11:40,18.6
11/19/01 11:50,19.5
11/19/01 12:00,19.1
11/19/01 12:10,20.2
11/19/01 12:20,19.5
11/19/01 12:30,19.1
11/19/01 12:40,19.1
11/19/01 12:50,18.1
11/19/01 13:00,17.8
11/19/01 13:10,18.4
11/19/01 13:20,18.8
11/19/01 13:30,18.6
11/19/01 13:40,19.7
11/19/01 13:50,19.8
11/19/01 14:00,20.1
11/19/01 14:10,20.4
11/19/01 14:20,19.2
11/19/01 14:30,19
11/19/01 14:40,19
11/19/01 14:50,18.9
11/19/01 15:00,19.2
11/19/01 15:10,17.9
11/19/01 15:20,17.2
11/19/01 15:30,17.1
11/19/01 15:40,16.4
11/19/01 15:50,16.8
11/19/01 16:00,15.6
11/19/01 16:10,17
11/19/01 16:20,16.5
11/19/01 16:30,13.7
11/19/01 16:40,16.4
11/19/01 16:50,14.5
11/19/01 17:00,12.6
11/19/01 17:10,13.6
11/19/01 17:20,11.9
11/19/01 17:30,10.7
11/19/01 17:40,10.9
11/19/01 17:50,8.2
11/19/01 18:00,7.6
11/19/01 18:10,10.1
11/19/01 18:20,8.1
11/19/01 18:30,8.5
11/19/01 18:40,9.5
11/19/01 18:50,8.8
11/19/01 19:00,8.5
11/19/01 19:10,8.3
11/19/01 19:20,7.5
11/19/01 19:30,7.5
11/19/01 19:40,6.1
11/19/01 19:50,6.1
11/19/01 20:00,6.6
11/19/01 20:10,5
11/19/01 20:20,5.4
11/19/01 20:30,5.1
11/19/01 20:40,3.9
11/19/01 20:50,3.1
11/19/01 21:00,3.2
11/19/01 21:10,5.1
11/19/01 21:20,6.9
11/19/01 21:30,7.5
11/19/01 21:40,7.4
11/19/01 21:50,7.1
11/19/01 22:00,5.6
11/19/01 22:10,4.9
11/19/01 22:20,2.9
11/19/01 22:30,5.1
11/19/01 22:40,7.4
11/19/01 22:50,5.6
11/19/01 23:00,6.8
11/19/01 23:10,10.2
11/19/01 23:20,11.3
11/19/01 23:30,11.3
11/19/01 23:40,11
11/19/01 23:50,11.7
11/20/01 0:00,11.4
11/20/01 0:10,9.4
11/20/01 0:20,7.2
11/20/01 0:30,8.1
11/20/01 0:40,7.6
11/20/01 0:50,7.6
11/20/01 1:00,7.9
11/20/01 1:10,7.4
11/20/01 1:20,7.1
11/20/01 1:30,7.9
11/20/01 1:40,8.4
11/20/01 1:50,9.3
11/20/01 2:00,10.6
11/20/01 2:10,12
11/20/01 2:20,13.3
11/20/01 2:30,13.5
11/20/01 2:40,11.9
11/20/01 2:50,12.3
11/20/01 3:00,13.9
11/20/01 3:10,15.6
11/20/01 3:20,16.6
11/20/01 3:30,18
11/20/01 3:40,17.8
11/20/01 3:50,15.9
11/20/01 4:00,15.4
11/20/01 4:10,12.4
11/20/01 4:20,10.8
11/20/01 4:30,11.4
11/20/01 4:40,9.9
11/20/01 4:50,10.3
11/20/01 5:00,10.8
11/20/01 5:10,10.7
11/20/01 5:20,11.9
11/20/01 5:30,12.7
11/20/01 5:40,13.8
11/20/01 5:50,14.6
11/20/01 6:00,13.8
11/20/01 6:10,11.5
11/20/01 6:20,11.9
11/20/01 6:30,11.9
11/20/01 6:40,16.8
11/20/01 6:50,19.3
11/20/01 7:00,21.2
11/20/01 7:10,19.7
11/20/01 7:20,19.9
11/20/01 7:30,18.7
11/20/01 7:40,18.1
11/20/01 7:50,18.4
11/20/01 8:00,18.7
11/20/01 8:10,19.6
11/20/01 8:20,18.2
11/20/01 8:30,17.7
11/20/01 8:40,18.7
11/20/01 8:50,17.5
11/20/01 9:00,18.4
11/20/01 9:10,19.3
11/20/01 9:20,20.3
11/20/01 9:30,18.3
11/20/01 9:40,19.5
11/20/01 9:50,18.5
11/20/01 10:00,18.3
11/20/01 10:10,15.3
11/20/01 10:20,18
11/20/01 10:30,19.6
11/20/01 10:40,16.9
11/20/01 10:50,19.2
11/20/01 11:00,18.6
11/20/01 11:10,19.7
11/20/01 11:20,21.2
11/20/01 11:30,22.3
11/20/01 11:40,25
11/20/01 11:50,24.4
11/20/01 12:00,23.6
11/20/01 12:10,24.8
11/20/01 12:20,23.1
11/20/01 12:30,21.1
11/20/01 12:40,22.5
11/20/01 12:50,22.1
11/20/01 13:00,23.8
11/20/01 13:10,25.7
11/20/01 13:20,25.6
11/20/01 13:30,26.6
11/20/01 13:40,25.7
11/20/01 13:50,26.6
11/20/01 14:00,25.2
11/20/01 14:10,24.7
11/20/01 14:20,25.2
11/20/01 14:30,24.4
11/20/01 14:40,25.4
11/20/01 14:50,24.9
11/20/01 15:00,25.1
11/20/01 15:10,21.6
11/20/01 15:20,24.6
11/20/01 15:30,24.4
11/20/01 15:40,23.2
11/20/01 15:50,22.9
11/20/01 16:00,20.6
11/20/01 16:10,20
11/20/01 16:20,22.1
11/20/01 16:30,23.4
11/20/01 16:40,21.2
11/20/01 16:50,18.5
11/20/01 17:00,17.6
11/20/01 17:10,16.1
11/20/01 17:20,14.1
11/20/01 17:30,15.3
11/20/01 17:40,15.8
11/20/01 17:50,15.6
11/20/01 18:00,15.8
11/20/01 18:10,17.1
11/20/01 18:20,15.9
11/20/01 18:30,12.5
11/20/01 18:40,10.3
11/20/01 18:50,10
11/20/01 19:00,10.4
11/20/01 19:10,8.5
11/20/01 19:20,8.3
11/20/01 19:30,9
11/20/01 19:40,9.3
11/20/01 19:50,8.2
11/20/01 20:00,7
11/20/01 20:10,8.2
11/20/01 20:20,9.2
11/20/01 20:30,10.4
11/20/01 20:40,13.9
11/20/01 20:50,13.1
11/20/01 21:00,13.3
11/20/01 21:10,14.9
11/20/01 21:20,14.1
11/20/01 21:30,13.6
11/20/01 21:40,12.6
11/20/01 21:50,13.3
11/20/01 22:00,12.3
11/20/01 22:10,9.7
11/20/01 22:20,12.9
11/20/01 22:30,11.3
11/20/01 22:40,10.7
11/20/01 22:50,12.5
11/20/01 23:00,11.4
11/20/01 23:10,10.9
11/20/01 23:20,12.3
11/20/01 23:30,12
11/20/01 23:40,14.5
11/20/01 23:50,13.8
11/21/01 0:00,14
11/21/01 0:10,12.7
11/21/01 0:20,10.2
11/21/01 0:30,13.1
11/21/01 0:40,13.4
11/21/01 0:50,9.3
11/21/01 1:00,12
11/21/01 1:10,10.2
11/21/01 1:20,10.9
11/21/01 1:30,11.3
11/21/01 1:40,12.8
11/21/01 1:50,14
11/21/01 2:00,15.2
11/21/01 2:10,9.9
11/21/01 2:20,8.7
11/21/01 2:30,9.7
11/21/01 2:40,11.2
11/21/01 2:50,11.8
11/21/01 3:00,13.6
11/21/01 3:10,14.7
11/21/01 3:20,15.4
11/21/01 3:30,16
11/21/01 3:40,14.9
11/21/01 3:50,14.4
11/21/01 4:00,14.1
11/21/01 4:10,11.6
11/21/01 4:20,11.2
11/21/01 4:30,11.7
11/21/01 4:40,13.1
11/21/01 4:50,10
11/21/01 5:00,9.3
11/21/01 5:10,12.2
11/21/01 5:20,13.2
11/21/01 5:30,10.3
11/21/01 5:40,13.7
11/21/01 5:50,13.4
11/21/01 6:00,13.5
11/21/01 6:10,14.8
11/21/01 6:20,15.8
11/21/01 6:30,14.5
11/21/01 6:40,15.1
11/21/01 6:50,11.3
11/21/01 7:00,11.4
11/21/01 7:10,10
11/21/01 7:20,8.2
11/21/01 7:30,8.9
11/21/01 7:40,9.2
11/21/01 7:50,9.5
11/21/01 8:00,9.2
11/21/01 8:10,8.5
11/21/01 8:20,5.4
11/21/01 8:30,8.3
11/21/01 8:40,10.4
11/21/01 8:50,7.3
11/21/01 9:00,6.3
11/21/01 9:10,4.6
11/21/01 9:20,3.5
11/21/01 9:30,3.6
11/21/01 9:40,2.3
11/21/01 9:50,1.5
11/21/01 10:00,1.6
11/21/01 10:10,1.5
11/21/01 10:20,1
11/21/01 10:30,2
11/21/01 10:40,1.3
11/21/01 10:50,2
11/21/01 11:00,1.4
11/21/01 11:10,2.8
11/21/01 11:20,2.5
11/21/01 11:30,2.5
11/21/01 11:40,2.2
11/21/01 11:50,1.5
11/21/01 12:00,2.1
11/21/01 12:10,2.2
11/21/01 12:20,2.4
11/21/01 12:30,1.9
11/21/01 12:40,3.2
11/21/01 12:50,2
11/21/01 13:00,7
11/21/01 13:10,7.7
11/21/01 13:20,7.7
11/21/01 13:30,8.9
11/21/01 13:40,9.4
11/21/01 13:50,10.2
11/21/01 14:00,8.8
11/21/01 14:10,8.6
11/21/01 14:20,9
11/21/01 14:30,9.9
11/21/01 14:40,9.9
11/21/01 14:50,9.7
11/21/01 15:00,9.8
11/21/01 15:10,9.2
11/21/01 15:20,8.6
11/21/01 15:30,9.1
11/21/01 15:40,9.8
11/21/01 15:50,9.7
11/21/01 16:00,10.2
11/21/01 16:10,9.3
11/21/01 16:20,9.4
11/21/01 16:30,10.1
11/21/01 16:40,10.4
11/21/01 16:50,11.5
11/21/01 17:00,12
11/21/01 17:10,12.1
11/21/01 17:20,13.7
11/21/01 17:30,13.3
11/21/01 17:40,14.9
11/21/01 17:50,15.7
11/21/01 18:00,17
11/21/01 18:10,16.1
11/21/01 18:20,15.8
11/21/01 18:30,14
11/21/01 18:40,15.4
11/21/01 18:50,17.2
11/21/01 19:00,16.7
11/21/01 19:10,16.3
11/21/01 19:20,16.4
11/21/01 19:30,16.5
11/21/01 19:40,16.9
11/21/01 19:50,17.7
11/21/01 20:00,18.2
11/21/01 20:10,17.7
11/21/01 20:20,13.5
11/21/01 20:30,15.9
11/21/01 20:40,17.2
11/21/01 20:50,16.8
11/21/01 21:00,16.1
11/21/01 21:10,18.5
11/21/01 21:20,18.4
11/21/01 21:30,18.6
11/21/01 21:40,17.8
11/21/01 21:50,18
11/21/01 22:00,16.6
11/21/01 22:10,16.2
11/21/01 22:20,17.6
11/21/01 22:30,18.1
11/21/01 22:40,19.2
11/21/01 22:50,20.6
11/21/01 23:00,20.3
11/21/01 23:10,20.2
11/21/01 23:20,19.1
11/21/01 23:30,17.4
11/21/01 23:40,18.2
11/21/01 23:50,18.9
11/22/01 0:00,19
11/22/01 0:10,19.5
11/22/01 0:20,19.3
11/22/01 0:30,18.8
11/22/01 0:40,20.7
11/22/01 0:50,20.1
11/22/01 1:00,19.4
11/22/01 1:10,16.9
11/22/01 1:20,14.6
11/22/01 1:30,13.5
11/22/01 1:40,13
11/22/01 1:50,14
11/22/01 2:00,17.3
11/22/01 2:10,18
11/22/01 2:20,16.8
11/22/01 2:30,16.7
11/22/01 2:40,16.2
11/22/01 2:50,16.9
11/22/01 3:00,17
11/22/01 3:10,15.8
11/22/01 3:20,15.5
11/22/01 3:30,14.9
11/22/01 3:40,14.1
11/22/01 3:50,14.8
11/22/01 4:00,14.1
11/22/01 4:10,14.5
11/22/01 4:20,17.5
11/22/01 4:30,10.1
11/22/01 4:40,13.2
11/22/01 4:50,16.7
11/22/01 5:00,15.6
11/22/01 5:10,18.2
11/22/01 5:20,19.5
11/22/01 5:30,17.9
11/22/01 5:40,17.5
11/22/01 5:50,19.6
11/22/01 6:00,18.5
11/22/01 6:10,17.9
11/22/01 6:20,18.5
11/22/01 6:30,18.3
11/22/01 6:40,19.7
11/22/01 6:50,19.4
11/22/01 7:00,19.8
11/22/01 7:10,20.7
11/22/01 7:20,19.8
11/22/01 7:30,18
11/22/01 7:40,11.9
11/22/01 7:50,9.9
11/22/01 8:00,7.4
11/22/01 8:10,7.1
11/22/01 8:20,8.2
11/22/01 8:30,15.3
11/22/01 8:40,17.9
11/22/01 8:50,18.9
11/22/01 9:00,19.2
11/22/01 9:10,16.5
11/22/01 9:20,12
11/22/01 9:30,13.3
11/22/01 9:40,13.2
11/22/01 9:50,11.4
11/22/01 10:00,11.2
11/22/01 10:10,10.7
11/22/01 10:20,12.1
11/22/01 10:30,12.6
11/22/01 10:40,12.8
11/22/01 10:50,14.1
11/22/01 11:00,15.6
11/22/01 11:10,15.5
11/22/01 11:20,12.8
11/22/01 11:30,12.3
11/22/01 11:40,11.3
11/22/01 11:50,12
11/22/01 12:00,12.4
11/22/01 12:10,10.9
11/22/01 12:20,11.4
11/22/01 12:30,12.4
11/22/01 12:40,11.6
11/22/01 12:50,9.8
11/22/01 13:00,10.8
11/22/01 13:10,10.7
11/22/01 13:20,14.4
11/22/01 13:30,11.4
11/22/01 13:40,10.9
11/22/01 13:50,12.9
11/22/01 14:00,11.8
11/22/01 14:10,14.3
11/22/01 14:20,12.2
11/22/01 14:30,13.7
11/22/01 14:40,12
11/22/01 14:50,12.9
11/22/01 15:00,12.1
11/22/01 15:10,10.7
11/22/01 15:20,10.7
11/22/01 15:30,12.3
11/22/01 15:40,9.7
11/22/01 15:50,8.5
11/22/01 16:00,6.1
11/22/01 16:10,9
11/22/01 16:20,8.1
11/22/01 16:30,7.7
11/22/01 16:40,4.7
11/22/01 16:50,5.6
11/22/01 17:00,7.5
11/22/01 17:10,6.2
11/22/01 17:20,6.6
11/22/01 17:30,7.7
11/22/01 17:40,7.3
11/22/01 17:50,7.1
11/22/01 18:00,6
11/22/01 18:10,7.3
11/22/01 18:20,6.1
11/22/01 18:30,6.3
11/22/01 18:40,5.8
11/22/01 18:50,5.6
11/22/01 19:00,4.3
11/22/01 19:10,2.7
11/22/01 19:20,3.5
11/22/01 19:30,5
11/22/01 19:40,4.6
11/22/01 19:50,5.7
11/22/01 20:00,4.9
11/22/01 20:10,3.8
11/22/01 20:20,4.4
11/22/01 20:30,6.1
11/22/01 20:40,5.7
11/22/01 20:50,4.8
11/22/01 21:00,4.8
11/22/01 21:10,6.3
11/22/01 21:20,7.6
11/22/01 21:30,9
11/22/01 21:40,9.5
11/22/01 21:50,11.6
11/22/01 22:00,12.9
11/22/01 22:10,13.2
11/22/01 22:20,10.4
11/22/01 22:30,9.6
11/22/01 22:40,12.3
11/22/01 22:50,12.4
11/22/01 23:00,12.8
11/22/01 23:10,12.8
11/22/01 23:20,11.5
11/22/01 23:30,12.4
11/22/01 23:40,11.9
11/22/01 23:50,10.7
11/23/01 0:00,12.1
11/23/01 0:10,11.6
11/23/01 0:20,10.4
11/23/01 0:30,10.7
11/23/01 0:40,10.3
11/23/01 0:50,8.4
11/23/01 1:00,6
11/23/01 1:10,6.2
11/23/01 1:20,7.8
11/23/01 1:30,8.5
11/23/01 1:40,9.4
11/23/01 1:50,11.3
11/23/01 2:00,10.8
11/23/01 2:10,10.5
11/23/01 2:20,11
11/23/01 2:30,10.5
11/23/01 2:40,9.7
11/23/01 2:50,9.1
11/23/01 3:00,10
11/23/01 3:10,11.4
11/23/01 3:20,11
11/23/01 3:30,10.6
11/23/01 3:40,10.5
11/23/01 3:50,10.2
11/23/01 4:00,10.1
11/23/01 4:10,10.7
11/23/01 4:20,10.7
11/23/01 4:30,10.5
11/23/01 4:40,9.5
11/23/01 4:50,9.2
11/23/01 5:00,10.3
11/23/01 5:10,10.2
11/23/01 5:20,10.8
11/23/01 5:30,13
11/23/01 5:40,13
11/23/01 5:50,11.9
11/23/01 6:00,11.4
11/23/01 6:10,11.6
11/23/01 6:20,12
11/23/01 6:30,12.1
11/23/01 6:40,12.9
11/23/01 6:50,12.4
11/23/01 7:00,12.3
11/23/01 7:10,12.2
11/23/01 7:20,11.6
11/23/01 7:30,11.3
11/23/01 7:40,11
11/23/01 7:50,12.1
11/23/01 8:00,11.5
11/23/01 8:10,10.8
11/23/01 8:20,10.1
11/23/01 8:30,10.7
11/23/01 8:40,12
11/23/01 8:50,11.3
11/23/01 9:00,9.8
11/23/01 9:10,11
11/23/01 9:20,11.3
11/23/01 9:30,8.6
11/23/01 9:40,9.6
11/23/01 9:50,9.1
11/23/01 10:00,10.6
11/23/01 10:10,10.8
11/23/01 10:20,10.4
11/23/01 10:30,10
11/23/01 10:40,9.9
11/23/01 10:50,10.6
11/23/01 11:00,11.4
11/23/01 11:10,11.8
11/23/01 11:20,11.6
11/23/01 11:30,13.1
11/23/01 11:40,11.8
11/23/01 11:50,12.7
11/23/01 12:00,12.7
11/23/01 12:10,13.9
11/23/01 12:20,13.2
11/23/01 12:30,10.9
11/23/01 12:40,13.2
11/23/01 12:50,16.1
11/23/01 13:00,14
11/23/01 13:10,14.5
11/23/01 13:20,14.1
11/23/01 13:30,13.5
11/23/01 13:40,14.9
11/23/01 13:50,14.5
11/23/01 14:00,14.5
11/23/01 14:10,16
11/23/01 14:20,15.6
11/23/01 14:30,16.3
11/23/01 14:40,16.6
11/23/01 14:50,18.6
11/23/01 15:00,18.9
11/23/01 15:10,19
11/23/01 15:20,19.1
11/23/01 15:30,18.9
11/23/01 15:40,19.5
11/23/01 15:50,21.2
11/23/01 16:00,19.1
11/23/01 16:10,19.2
11/23/01 16:20,18.3
11/23/01 16:30,15.4
11/23/01 16:40,9.4
11/23/01 16:50,7.8
11/23/01 17:00,14.9
11/23/01 17:10,17.1
11/23/01 17:20,19.4
11/23/01 17:30,18.8
11/23/01 17:40,19.7
11/23/01 17:50,19.3
11/23/01 18:00,16.6
11/23/01 18:10,16.4
11/23/01 18:20,18.6
11/23/01 18:30,17.9
11/23/01 18:40,16.3
11/23/01 18:50,16.5
11/23/01 19:00,15.9
11/23/01 19:10,16.8
11/23/01 19:20,16.3
11/23/01 19:30,17.5
11/23/01 19:40,19.3
11/23/01 19:50,15.8
11/23/01 20:00,15.5
11/23/01 20:10,14.4
11/23/01 20:20,14.8
11/23/01 20:30,16
11/23/01 20:40,16.7
11/23/01 20:50,17.2
11/23/01 21:00,15.4
11/23/01 21:10,14.2
11/23/01 21:20,13
11/23/01 21:30,11.5
11/23/01 21:40,9.8
11/23/01 21:50,10.6
11/23/01 22:00,10.8
11/23/01 22:10,11.5
11/23/01 22:20,12.2
11/23/01 22:30,11
11/23/01 22:40,10.6
11/23/01 22:50,10.3
11/23/01 23:00,9.5
11/23/01 23:10,8.9
11/23/01 23:20,7.3
11/23/01 23:30,7
11/23/01 23:40,5.6
11/23/01 23:50,4.9
11/24/01 0:00,4.3
11/24/01 0:10,5.4
11/24/01 0:20,4.9
11/24/01 0:30,1.9
11/24/01 0:40,1.4
11/24/01 0:50,2.1
11/24/01 1:00,1.5
11/24/01 1:10,4
11/24/01 1:20,5.1
11/24/01 1:30,5.4
11/24/01 1:40,4.9
11/24/01 1:50,6.3
11/24/01 2:00,7.3
11/24/01 2:10,7.6
11/24/01 2:20,7.9
11/24/01 2:30,8.6
11/24/01 2:40,8.9
11/24/01 2:50,7.5
11/24/01 3:00,8.2
11/24/01 3:10,10.2
11/24/01 3:20,10.2
11/24/01 3:30,11.6
11/24/01 3:40,10.4
11/24/01 3:50,8.7
11/24/01 4:00,7.7
11/24/01 4:10,6.8
11/24/01 4:20,6
11/24/01 4:30,5.9
11/24/01 4:40,6.6
11/24/01 4:50,8.3
11/24/01 5:00,8.7
11/24/01 5:10,7.9
11/24/01 5:20,6.1
11/24/01 5:30,7
11/24/01 5:40,9.1
11/24/01 5:50,10.2
11/24/01 6:00,11.4
11/24/01 6:10,12.2
11/24/01 6:20,14.1
11/24/01 6:30,17.1
11/24/01 6:40,16.5
11/24/01 6:50,17.5
11/24/01 7:00,16.3
11/24/01 7:10,17.4
11/24/01 7:20,16.8
11/24/01 7:30,17.9
11/24/01 7:40,19.2
11/24/01 7:50,18.4
11/24/01 8:00,18.5
11/24/01 8:10,23
11/24/01 8:20,24.6
11/24/01 8:30,25.5
11/24/01 8:40,25.1
11/24/01 8:50,28.3
11/24/01 9:00,27.3
11/24/01 9:10,29.2
11/24/01 9:20,27.4
11/24/01 9:30,27.2
11/24/01 9:40,24.8
11/24/01 9:50,20.2
11/24/01 10:00,20.7
11/24/01 10:10,23
11/24/01 10:20,27.7
11/24/01 10:30,30.4
11/24/01 10:40,31.6
11/24/01 10:50,31.2
11/24/01 11:00,34.7
11/24/01 11:10,33.1
11/24/01 11:20,35.4
11/24/01 11:30,33.4
11/24/01 11:40,37
11/24/01 11:50,35.7
11/24/01 12:00,35.9
11/24/01 12:10,35.6
11/24/01 12:20,36.4
11/24/01 12:30,35.7
11/24/01 12:40,34.8
11/24/01 12:50,37.1
11/24/01 13:00,37.4
11/24/01 13:10,36.8
11/24/01 13:20,38.4
11/24/01 13:30,37.7
11/24/01 13:40,38.4
11/24/01 13:50,36.3
11/24/01 14:00,38.2
11/24/01 14:10,39.2
11/24/01 14:20,38.3
11/24/01 14:30,39.2
11/24/01 14:40,37.8
11/24/01 14:50,38.5
11/24/01 15:00,39
11/24/01 15:10,35.6
11/24/01 15:20,35.7
11/24/01 15:30,37.5
11/24/01 15:40,36
11/24/01 15:50,37.5
11/24/01 16:00,37.6
11/24/01 16:10,38.4
11/24/01 16:20,39.1
11/24/01 16:30,38.7
11/24/01 16:40,40.2
11/24/01 16:50,39.8
11/24/01 17:00,38.8
11/24/01 17:10,36.8
11/24/01 17:20,38.2
11/24/01 17:30,34.6
11/24/01 17:40,35.2
11/24/01 17:50,37
11/24/01 18:00,36
11/24/01 18:10,37.2
11/24/01 18:20,37
11/24/01 18:30,41.7
11/24/01 18:40,38.3
11/24/01 18:50,36.2
11/24/01 19:00,40.3
11/24/01 19:10,39.2
11/24/01 19:20,37.7
11/24/01 19:30,39.4
11/24/01 19:40,37.2
11/24/01 19:50,35.3
11/24/01 20:00,35.2
11/24/01 20:10,33.9
11/24/01 20:20,39.2
11/24/01 20:30,34.6
11/24/01 20:40,34.8
11/24/01 20:50,33.2
11/24/01 21:00,37
11/24/01 21:10,37.2
11/24/01 21:20,33.6
11/24/01 21:30,36.6
11/24/01 21:40,37.7
11/24/01 21:50,33.3
11/24/01 22:00,36.3
11/24/01 22:10,36.6
11/24/01 22:20,35.4
11/24/01 22:30,37.3
11/24/01 22:40,36.5
11/24/01 22:50,31.4
11/24/01 23:00,32
11/24/01 23:10,33.2
11/24/01 23:20,32.3
11/24/01 23:30,37.5
11/24/01 23:40,36.9
11/24/01 23:50,31.8
11/25/01 0:00,33.3
11/25/01 0:10,37
11/25/01 0:20,33.1
11/25/01 0:30,32.4
11/25/01 0:40,36.7
11/25/01 0:50,33.1
11/25/01 1:00,29.1
11/25/01 1:10,28.6
11/25/01 1:20,29.7
11/25/01 1:30,26.8
11/25/01 1:40,29.6
11/25/01 1:50,28.1
11/25/01 2:00,30.3
11/25/01 2:10,28.3
11/25/01 2:20,29.1
11/25/01 2:30,29.3
11/25/01 2:40,30.6
11/25/01 2:50,28.1
11/25/01 3:00,27.8
11/25/01 3:10,27.1
11/25/01 3:20,27.7
11/25/01 3:30,24.3
11/25/01 3:40,26.2
11/25/01 3:50,22.1
11/25/01 4:00,22.4
11/25/01 4:10,19.4
11/25/01 4:20,20
11/25/01 4:30,22.7
11/25/01 4:40,21.9
11/25/01 4:50,25.6
11/25/01 5:00,21.4
11/25/01 5:10,24.4
11/25/01 5:20,27.1
11/25/01 5:30,25.2
11/25/01 5:40,22.4
11/25/01 5:50,23.8
11/25/01 6:00,25.9
11/25/01 6:10,23.5
11/25/01 6:20,22.9
11/25/01 6:30,21.7
11/25/01 6:40,21.8
11/25/01 6:50,22
11/25/01 7:00,22.2
11/25/01 7:10,19.8
11/25/01 7:20,16
11/25/01 7:30,16
11/25/01 7:40,15.3
11/25/01 7:50,17.2
11/25/01 8:00,17.8
11/25/01 8:10,16.9
11/25/01 8:20,16.8
11/25/01 8:30,17.2
11/25/01 8:40,18
11/25/01 8:50,17.5
11/25/01 9:00,17.3
11/25/01 9:10,16.1
11/25/01 9:20,14.4
11/25/01 9:30,18.5
11/25/01 9:40,16.2
11/25/01 9:50,14.8
11/25/01 10:00,15.2
11/25/01 10:10,13
11/25/01 10:20,14.8
11/25/01 10:30,13.6
11/25/01 10:40,16.1
11/25/01 10:50,16.7
11/25/01 11:00,14.5
11/25/01 11:10,14.5
11/25/01 11:20,13.2
11/25/01 11:30,13.6
11/25/01 11:40,12.8
11/25/01 11:50,13.9
11/25/01 12:00,12.9
11/25/01 12:10,11.1
11/25/01 12:20,7.2
11/25/01 12:30,8.8
11/25/01 12:40,8.4
11/25/01 12:50,7.7
11/25/01 13:00,7
11/25/01 13:10,7.2
11/25/01 13:20,7.5
11/25/01 13:30,8
11/25/01 13:40,7.6
11/25/01 13:50,8.9
11/25/01 14:00,8.9
11/25/01 14:10,7.5
11/25/01 14:20,8.5
11/25/01 14:30,6.7
11/25/01 14:40,6.6
11/25/01 14:50,7.7
11/25/01 15:00,8.4
11/25/01 15:10,8
11/25/01 15:20,7.6
11/25/01 15:30,7.1
11/25/01 15:40,6.5
11/25/01 15:50,5.9
11/25/01 16:00,6.8
11/25/01 16:10,5
11/25/01 16:20,7.1
11/25/01 16:30,8.3
11/25/01 16:40,9.1
11/25/01 16:50,11.9
11/25/01 17:00,12.7
11/25/01 17:10,13
11/25/01 17:20,11.3
11/25/01 17:30,13.4
11/25/01 17:40,14.8
11/25/01 17:50,15.2
11/25/01 18:00,16.8
11/25/01 18:10,15.4
11/25/01 18:20,15
11/25/01 18:30,15
11/25/01 18:40,14.8
11/25/01 18:50,13
11/25/01 19:00,14.7
11/25/01 19:10,15.1
11/25/01 19:20,15.4
11/25/01 19:30,16.2
11/25/01 19:40,16.1
11/25/01 19:50,17.2
11/25/01 20:00,14.4
11/25/01 20:10,13.7
11/25/01 20:20,13.7
11/25/01 20:30,12
11/25/01 20:40,13.6
11/25/01 20:50,12.2
11/25/01 21:00,13.6
11/25/01 21:10,11.7
11/25/01 21:20,13
11/25/01 21:30,12.7
11/25/01 21:40,13.3
11/25/01 21:50,13
11/25/01 22:00,14
11/25/01 22:10,14.1
11/25/01 22:20,14.7
11/25/01 22:30,14
11/25/01 22:40,13.6
11/25/01 22:50,14.4
11/25/01 23:00,15.5
11/25/01 23:10,16.2
11/25/01 23:20,16.7
11/25/01 23:30,17.2
11/25/01 23:40,16.7
11/25/01 23:50,17.6
11/26/01 0:00,18.4
11/26/01 0:10,20
11/26/01 0:20,19.8
11/26/01 0:30,20.1
11/26/01 0:40,21.6
11/26/01 0:50,22.3
11/26/01 1:00,21.6
11/26/01 1:10,22.8
11/26/01 1:20,23.2
11/26/01 1:30,24.7
11/26/01 1:40,23.2
11/26/01 1:50,24.4
11/26/01 2:00,20
11/26/01 2:10,18
11/26/01 2:20,12.5
11/26/01 2:30,3.6
11/26/01 2:40,0
11/26/01 2:50,0
11/26/01 3:00,0
11/26/01 3:10,0
11/26/01 3:20,0
11/26/01 3:30,0
11/26/01 3:40,0
11/26/01 3:50,0
11/26/01 4:00,0
11/26/01 4:10,0
11/26/01 4:20,0
11/26/01 4:30,0
11/26/01 4:40,0
11/26/01 4:50,0
11/26/01 5:00,0
11/26/01 5:10,0
11/26/01 5:20,0
11/26/01 5:30,0
11/26/01 5:40,0
11/26/01 5:50,0
11/26/01 6:00,0
11/26/01 6:10,0
11/26/01 6:20,0
11/26/01 6:30,0
11/26/01 6:40,0
11/26/01 6:50,0
11/26/01 7:00,0
11/26/01 7:10,0
11/26/01 7:20,0
11/26/01 7:30,0
11/26/01 7:40,0
11/26/01 7:50,0
11/26/01 8:00,0
11/26/01 8:10,0
11/26/01 8:20,0
11/26/01 8:30,0
11/26/01 8:40,0
11/26/01 8:50,0
11/26/01 9:00,0
11/26/01 9:10,0
11/26/01 9:20,0
11/26/01 9:30,0
11/26/01 9:40,0
11/26/01 9:50,0
11/26/01 10:00,0
11/26/01 10:10,0
11/26/01 10:20,0
11/26/01 10:30,0
11/26/01 10:40,0
11/26/01 10:50,0
11/26/01 11:00,0
11/26/01 11:10,0
11/26/01 11:20,0
11/26/01 11:30,0
11/26/01 11:40,0
11/26/01 11:50,0
11/26/01 12:00,0
11/26/01 12:10,0
11/26/01 12:20,0
11/26/01 12:30,0
11/26/01 12:40,0
11/26/01 12:50,0
11/26/01 13:00,0
11/26/01 13:10,0
11/26/01 13:20,0
11/26/01 13:30,0
11/26/01 13:40,0
11/26/01 13:50,0
11/26/01 14:00,0
11/26/01 14:10,0
11/26/01 14:20,0
11/26/01 14:30,0
11/26/01 14:40,0
11/26/01 14:50,0
11/26/01 15:00,6.8
11/26/01 15:10,11.7
11/26/01 15:20,11
11/26/01 15:30,13.3
11/26/01 15:40,14.7
11/26/01 15:50,19.6
11/26/01 16:00,21
11/26/01 16:10,18.9
11/26/01 16:20,19
11/26/01 16:30,18.1
11/26/01 16:40,17.3
11/26/01 16:50,17.6
11/26/01 17:00,16.7
11/26/01 17:10,16.9
11/26/01 17:20,18.9
11/26/01 17:30,18.4
11/26/01 17:40,16.3
11/26/01 17:50,13.9
11/26/01 18:00,12.4
11/26/01 18:10,13
11/26/01 18:20,16.1
11/26/01 18:30,20
11/26/01 18:40,18.4
11/26/01 18:50,19.7
11/26/01 19:00,22.4
11/26/01 19:10,23.7
11/26/01 19:20,24.5
11/26/01 19:30,25.5
11/26/01 19:40,24.6
11/26/01 19:50,24.5
11/26/01 20:00,23.7
11/26/01 20:10,24.6
11/26/01 20:20,26.3
11/26/01 20:30,25.6
11/26/01 20:40,25.3
11/26/01 20:50,26.2
11/26/01 21:00,26.3
11/26/01 21:10,27.4
11/26/01 21:20,25.6
11/26/01 21:30,26.7
11/26/01 21:40,27
11/26/01 21:50,25.4
11/26/01 22:00,24.9
11/26/01 22:10,25.4
11/26/01 22:20,28.5
11/26/01 22:30,30.7
11/26/01 22:40,31.6
11/26/01 22:50,33
11/26/01 23:00,30.9
11/26/01 23:10,30.9
11/26/01 23:20,29.8
11/26/01 23:30,31.8
11/26/01 23:40,31.7
11/26/01 23:50,32
11/27/01 0:00,33.9
11/27/01 0:10,30.9
11/27/01 0:20,33.3
11/27/01 0:30,30.3
11/27/01 0:40,31.5
11/27/01 0:50,32.4
11/27/01 1:00,33.3
11/27/01 1:10,33.1
11/27/01 1:20,34.7
11/27/01 1:30,33.4
11/27/01 1:40,34.9
11/27/01 1:50,34.1
11/27/01 2:00,35.2
11/27/01 2:10,33.8
11/27/01 2:20,31.6
11/27/01 2:30,30.9
11/27/01 2:40,33.2
11/27/01 2:50,32.5
11/27/01 3:00,30.8
11/27/01 3:10,30.9
11/27/01 3:20,31.7
11/27/01 3:30,34.1
11/27/01 3:40,33.9
11/27/01 3:50,32.3
11/27/01 4:00,33.1
11/27/01 4:10,33.1
11/27/01 4:20,31.9
11/27/01 4:30,33.3
11/27/01 4:40,34.2
11/27/01 4:50,31.7
11/27/01 5:00,32.5
11/27/01 5:10,31
11/27/01 5:20,30.5
11/27/01 5:30,31
11/27/01 5:40,30.4
11/27/01 5:50,29.9
11/27/01 6:00,30.2
11/27/01 6:10,30.7
11/27/01 6:20,30.1
11/27/01 6:30,31.7
11/27/01 6:40,29.4
11/27/01 6:50,29
11/27/01 7:00,29.2
11/27/01 7:10,28.8
11/27/01 7:20,29.7
11/27/01 7:30,29
11/27/01 7:40,29
11/27/01 7:50,29.2
11/27/01 8:00,29.4
11/27/01 8:10,30
11/27/01 8:20,30.2
11/27/01 8:30,30.1
11/27/01 8:40,29.4
11/27/01 8:50,26.9
11/27/01 9:00,27.4
11/27/01 9:10,28
11/27/01 9:20,27.5
11/27/01 9:30,28.9
11/27/01 9:40,28.1
11/27/01 9:50,27.9
11/27/01 10:00,27.1
11/27/01 10:10,29.4
11/27/01 10:20,28.5
11/27/01 10:30,28.2
11/27/01 10:40,27.6
11/27/01 10:50,28.8
11/27/01 11:00,29.5
11/27/01 11:10,29.7
11/27/01 11:20,28.5
11/27/01 11:30,32
11/27/01 11:40,30.1
11/27/01 11:50,30.3
11/27/01 12:00,30.1
11/27/01 12:10,28.5
11/27/01 12:20,28
11/27/01 12:30,29.4
11/27/01 12:40,28.7
11/27/01 12:50,31.2
11/27/01 13:00,29.8
11/27/01 13:10,29.3
11/27/01 13:20,28.6
11/27/01 13:30,29.2
11/27/01 13:40,26.7
11/27/01 13:50,27.6
11/27/01 14:00,26.2
11/27/01 14:10,29
11/27/01 14:20,28.7
11/27/01 14:30,27.4
11/27/01 14:40,27.2
11/27/01 14:50,29
11/27/01 15:00,27.6
11/27/01 15:10,26.9
11/27/01 15:20,26.1
11/27/01 15:30,25.5
11/27/01 15:40,24.2
11/27/01 15:50,25
11/27/01 16:00,24.2
11/27/01 16:10,25.9
11/27/01 16:20,26.4
11/27/01 16:30,26
11/27/01 16:40,23.2
11/27/01 16:50,23.9
11/27/01 17:00,23.5
11/27/01 17:10,24.9
11/27/01 17:20,23.5
11/27/01 17:30,24.9
11/27/01 17:40,23.8
11/27/01 17:50,22.4
11/27/01 18:00,25.4
11/27/01 18:10,23
11/27/01 18:20,22.4
11/27/01 18:30,22.3
11/27/01 18:40,22.8
11/27/01 18:50,24.7
11/27/01 19:00,21.8
11/27/01 19:10,21.7
11/27/01 19:20,22.3
11/27/01 19:30,20.8
11/27/01 19:40,21
11/27/01 19:50,20.2
11/27/01 20:00,19.2
11/27/01 20:10,21.7
11/27/01 20:20,19.9
11/27/01 20:30,21.2
11/27/01 20:40,20.8
11/27/01 20:50,18.2
11/27/01 21:00,20.5
11/27/01 21:10,20.6
11/27/01 21:20,19.4
11/27/01 21:30,19.7
11/27/01 21:40,19.2
11/27/01 21:50,20.4
11/27/01 22:00,19.4
11/27/01 22:10,19.6
11/27/01 22:20,18.4
11/27/01 22:30,19
11/27/01 22:40,20.4
11/27/01 22:50,19.9
11/27/01 23:00,20.7
11/27/01 23:10,18.2
11/27/01 23:20,20.3
11/27/01 23:30,19.3
11/27/01 23:40,18.6
11/27/01 23:50,17.8
11/28/01 0:00,18.8
11/28/01 0:10,17.9
11/28/01 0:20,18.1
11/28/01 0:30,18
11/28/01 0:40,19.1
11/28/01 0:50,18.3
11/28/01 1:00,19.2
11/28/01 1:10,16.8
11/28/01 1:20,19
11/28/01 1:30,18.6
11/28/01 1:40,18.2
11/28/01 1:50,17.1
11/28/01 2:00,16.7
11/28/01 2:10,18.2
11/28/01 2:20,17.7
11/28/01 2:30,15.9
11/28/01 2:40,17.4
11/28/01 2:50,17.1
11/28/01 3:00,18.2
11/28/01 3:10,19.5
11/28/01 3:20,19.3
11/28/01 3:30,17.9
11/28/01 3:40,17.6
11/28/01 3:50,16.4
11/28/01 4:00,19.2
11/28/01 4:10,17.1
11/28/01 4:20,19
11/28/01 4:30,17.2
11/28/01 4:40,18.2
11/28/01 4:50,19.7
11/28/01 5:00,20.3
11/28/01 5:10,19.4
11/28/01 5:20,18.2
11/28/01 5:30,17.6
11/28/01 5:40,17.8
11/28/01 5:50,17.5
11/28/01 6:00,17.1
11/28/01 6:10,16.2
11/28/01 6:20,15.9
11/28/01 6:30,15.6
11/28/01 6:40,14.7
11/28/01 6:50,13.3
11/28/01 7:00,14.3
11/28/01 7:10,14.3
11/28/01 7:20,12.9
11/28/01 7:30,13.3
11/28/01 7:40,12.9
11/28/01 7:50,12.7
11/28/01 8:00,11.7
11/28/01 8:10,12.6
11/28/01 8:20,12.1
11/28/01 8:30,12.4
11/28/01 8:40,11.8
11/28/01 8:50,11.2
11/28/01 9:00,10.5
11/28/01 9:10,11.2
11/28/01 9:20,11.3
11/28/01 9:30,10.7
11/28/01 9:40,11.9
11/28/01 9:50,13.2
11/28/01 10:00,11.8
11/28/01 10:10,14
11/28/01 10:20,15.3
11/28/01 10:30,16.3
11/28/01 10:40,15.8
11/28/01 10:50,16
11/28/01 11:00,14.9
11/28/01 11:10,17.5
11/28/01 11:20,16.1
11/28/01 11:30,15.9
11/28/01 11:40,16.7
11/28/01 11:50,16.7
11/28/01 12:00,17.3
11/28/01 12:10,17.2
11/28/01 12:20,15.9
11/28/01 12:30,14.8
11/28/01 12:40,14.7
11/28/01 12:50,14
11/28/01 13:00,12.1
11/28/01 13:10,13
11/28/01 13:20,13.4
11/28/01 13:30,12.7
11/28/01 13:40,11.6
11/28/01 13:50,12.3
11/28/01 14:00,11.8
11/28/01 14:10,12.3
11/28/01 14:20,13.3
11/28/01 14:30,13.3
11/28/01 14:40,13.9
11/28/01 14:50,14
11/28/01 15:00,14.9
11/28/01 15:10,13
11/28/01 15:20,12.8
11/28/01 15:30,13.1
11/28/01 15:40,14.6
11/28/01 15:50,13.8
11/28/01 16:00,12.1
11/28/01 16:10,13.6
11/28/01 16:20,14.4
11/28/01 16:30,14.4
11/28/01 16:40,12.9
11/28/01 16:50,13.6
11/28/01 17:00,13.5
11/28/01 17:10,15.6
11/28/01 17:20,12.6
11/28/01 17:30,12.8
11/28/01 17:40,11.4
11/28/01 17:50,11.7
11/28/01 18:00,12.7
11/28/01 18:10,11.7
11/28/01 18:20,10.5
11/28/01 18:30,12
11/28/01 18:40,11.4
11/28/01 18:50,10.5
11/28/01 19:00,10.5
11/28/01 19:10,10.8
11/28/01 19:20,10
11/28/01 19:30,9.9
11/28/01 19:40,9.7
11/28/01 19:50,9.8
11/28/01 20:00,10.1
11/28/01 20:10,9.7
11/28/01 20:20,10.4
11/28/01 20:30,10
11/28/01 20:40,8.7
11/28/01 20:50,9.3
11/28/01 21:00,9.8
11/28/01 21:10,10.4
11/28/01 21:20,10.5
11/28/01 21:30,8.4
11/28/01 21:40,8.9
11/28/01 21:50,8.5
11/28/01 22:00,7.6
11/28/01 22:10,7.4
11/28/01 22:20,4.9
11/28/01 22:30,5.1
11/28/01 22:40,4.7
11/28/01 22:50,6.8
11/28/01 23:00,6.4
11/28/01 23:10,5.2
11/28/01 23:20,4.8
11/28/01 23:30,5
11/28/01 23:40,5
11/28/01 23:50,5.4
11/29/01 0:00,6.5
11/29/01 0:10,7
11/29/01 0:20,5.3
11/29/01 0:30,5.7
11/29/01 0:40,6.1
11/29/01 0:50,5.6
11/29/01 1:00,6
11/29/01 1:10,5.8
11/29/01 1:20,5.2
11/29/01 1:30,3.7
11/29/01 1:40,3.6
11/29/01 1:50,4.6
11/29/01 2:00,5.2
11/29/01 2:10,5.6
11/29/01 2:20,5.9
11/29/01 2:30,6.2
11/29/01 2:40,6.7
11/29/01 2:50,6.6
11/29/01 3:00,8
11/29/01 3:10,8.2
11/29/01 3:20,7.8
11/29/01 3:30,7.4
11/29/01 3:40,8.1
11/29/01 3:50,7.5
11/29/01 4:00,6.7
11/29/01 4:10,5.5
11/29/01 4:20,5.1
11/29/01 4:30,3.1
11/29/01 4:40,2.2
11/29/01 4:50,2.1
11/29/01 5:00,0.9
11/29/01 5:10,0
11/29/01 5:20,0
11/29/01 5:30,0
11/29/01 5:40,1
11/29/01 5:50,2.7
11/29/01 6:00,3
11/29/01 6:10,3.7
11/29/01 6:20,6.1
11/29/01 6:30,7.2
11/29/01 6:40,6.4
11/29/01 6:50,6.4
11/29/01 7:00,6.2
11/29/01 7:10,5.5
11/29/01 7:20,5.1
11/29/01 7:30,6.1
11/29/01 7:40,8.7
11/29/01 7:50,8.7
11/29/01 8:00,9.2
11/29/01 8:10,8
11/29/01 8:20,7.8
11/29/01 8:30,7.8
11/29/01 8:40,7
11/29/01 8:50,7.6
11/29/01 9:00,8.1
11/29/01 9:10,8.5
11/29/01 9:20,7.2
11/29/01 9:30,6.5
11/29/01 9:40,6.9
11/29/01 9:50,6.5
11/29/01 10:00,7.8
11/29/01 10:10,8.4
11/29/01 10:20,8.9
11/29/01 10:30,10.7
11/29/01 10:40,9.8
11/29/01 10:50,9.5
11/29/01 11:00,10.7
11/29/01 11:10,10.9
11/29/01 11:20,11.4
11/29/01 11:30,12.1
11/29/01 11:40,12
11/29/01 11:50,10.9
11/29/01 12:00,11.2
11/29/01 12:10,11.6
11/29/01 12:20,12.2
11/29/01 12:30,12.7
11/29/01 12:40,14.5
11/29/01 12:50,15.1
11/29/01 13:00,17.6
11/29/01 13:10,16.4
11/29/01 13:20,14.9
11/29/01 13:30,15.9
11/29/01 13:40,17.9
11/29/01 13:50,17.8
11/29/01 14:00,18.7
11/29/01 14:10,18.8
11/29/01 14:20,20.4
11/29/01 14:30,20.3
11/29/01 14:40,20.7
11/29/01 14:50,21.6
11/29/01 15:00,20.2
11/29/01 15:10,17.8
11/29/01 15:20,18.5
11/29/01 15:30,17.4
11/29/01 15:40,18.2
11/29/01 15:50,18.1
11/29/01 16:00,19.3
11/29/01 16:10,19.5
11/29/01 16:20,17.9
11/29/01 16:30,18.7
11/29/01 16:40,16.4
11/29/01 16:50,16.2
11/29/01 17:00,12.7
11/29/01 17:10,14.3
11/29/01 17:20,13.8
11/29/01 17:30,15.5
11/29/01 17:40,12.8
11/29/01 17:50,11.8
11/29/01 18:00,9.8
11/29/01 18:10,8.7
11/29/01 18:20,10.9
11/29/01 18:30,13.6
11/29/01 18:40,13
11/29/01 18:50,12
11/29/01 19:00,16.7
11/29/01 19:10,15.5
11/29/01 19:20,16.3
11/29/01 19:30,20.6
11/29/01 19:40,19.3
11/29/01 19:50,19.8
11/29/01 20:00,17.2
11/29/01 20:10,19.1
11/29/01 20:20,16
11/29/01 20:30,17.9
11/29/01 20:40,15.8
11/29/01 20:50,16.4
11/29/01 21:00,16.9
11/29/01 21:10,17
11/29/01 21:20,15.4
11/29/01 21:30,13.9
11/29/01 21:40,13.6
11/29/01 21:50,15.8
11/29/01 22:00,17.3
11/29/01 22:10,15.9
11/29/01 22:20,17.7
11/29/01 22:30,16.4
11/29/01 22:40,14.8
11/29/01 22:50,13.7
11/29/01 23:00,16.5
11/29/01 23:10,16.1
11/29/01 23:20,15.2
11/29/01 23:30,15.7
11/29/01 23:40,16.6
11/29/01 23:50,16.6
11/30/01 0:00,15.3
11/30/01 0:10,15.1
11/30/01 0:20,15.5
11/30/01 0:30,15.8
11/30/01 0:40,14.6
11/30/01 0:50,13
11/30/01 1:00,14.6
11/30/01 1:10,16.2
11/30/01 1:20,14.8
11/30/01 1:30,14.6
11/30/01 1:40,14.6
11/30/01 1:50,14.6
11/30/01 2:00,13.8
11/30/01 2:10,14.2
11/30/01 2:20,13.6
11/30/01 2:30,13.2
11/30/01 2:40,15.8
11/30/01 2:50,14.7
11/30/01 3:00,14.1
11/30/01 3:10,12.9
11/30/01 3:20,13.9
11/30/01 3:30,12.8
11/30/01 3:40,12.8
11/30/01 3:50,12.8
11/30/01 4:00,10.1
11/30/01 4:10,10.7
11/30/01 4:20,11
11/30/01 4:30,11.4
11/30/01 4:40,11.6
11/30/01 4:50,11.4
11/30/01 5:00,11.7
11/30/01 5:10,12.8
11/30/01 5:20,13.2
11/30/01 5:30,12.4
11/30/01 5:40,12.1
11/30/01 5:50,10.6
11/30/01 6:00,12
11/30/01 6:10,11.5
11/30/01 6:20,12.2
11/30/01 6:30,12.4
11/30/01 6:40,12.9
11/30/01 6:50,14.4
11/30/01 7:00,15.1
11/30/01 7:10,15.6
11/30/01 7:20,17.1
11/30/01 7:30,18.1
11/30/01 7:40,17
11/30/01 7:50,18.8
11/30/01 8:00,18.9
11/30/01 8:10,17.7
11/30/01 8:20,17.1
11/30/01 8:30,17.5
11/30/01 8:40,18.8
11/30/01 8:50,17.8
11/30/01 9:00,17.2
11/30/01 9:10,17.2
11/30/01 9:20,20.3
11/30/01 9:30,19.1
11/30/01 9:40,19.9
11/30/01 9:50,19.8
11/30/01 10:00,20.6
11/30/01 10:10,21.1
11/30/01 10:20,19
11/30/01 10:30,16.7
11/30/01 10:40,18.7
11/30/01 10:50,17.5
11/30/01 11:00,17.9
11/30/01 11:10,16.3
11/30/01 11:20,18.3
11/30/01 11:30,17.2
11/30/01 11:40,17.9
11/30/01 11:50,16.3
11/30/01 12:00,16.7
11/30/01 12:10,20.6
11/30/01 12:20,17.7
11/30/01 12:30,17.1
11/30/01 12:40,15.9
11/30/01 12:50,15.2
11/30/01 13:00,14.4
11/30/01 13:10,15.4
11/30/01 13:20,16.6
11/30/01 13:30,15.8
11/30/01 13:40,17.1
11/30/01 13:50,16.3
11/30/01 14:00,15.5
11/30/01 14:10,15.6
11/30/01 14:20,14.3
11/30/01 14:30,13.9
11/30/01 14:40,13.7
11/30/01 14:50,13.8
11/30/01 15:00,14.8
11/30/01 15:10,14.3
11/30/01 15:20,13.3
11/30/01 15:30,14.8
11/30/01 15:40,17
11/30/01 15:50,16.3
11/30/01 16:00,15.6
11/30/01 16:10,14.9
11/30/01 16:20,12.3
11/30/01 16:30,11.3
11/30/01 16:40,14.6
11/30/01 16:50,16.7
11/30/01 17:00,15.6
11/30/01 17:10,17.2
11/30/01 17:20,17.5
11/30/01 17:30,17.6
11/30/01 17:40,16.6
11/30/01 17:50,18.2
11/30/01 18:00,16.4
11/30/01 18:10,12.7
11/30/01 18:20,14.5
11/30/01 18:30,14.5
11/30/01 18:40,14.9
11/30/01 18:50,15.4
11/30/01 19:00,14.7
11/30/01 19:10,14.3
11/30/01 19:20,13.3
11/30/01 19:30,13.3
11/30/01 19:40,13
11/30/01 19:50,12.2
11/30/01 20:00,12.6
11/30/01 20:10,12.4
11/30/01 20:20,11.8
11/30/01 20:30,10.9
11/30/01 20:40,10.7
11/30/01 20:50,11
11/30/01 21:00,11.2
11/30/01 21:10,13.6
11/30/01 21:20,12.1
11/30/01 21:30,12
11/30/01 21:40,14
11/30/01 21:50,13.3
11/30/01 22:00,12.3
11/30/01 22:10,12.5
11/30/01 22:20,11.5
11/30/01 22:30,10.7
11/30/01 22:40,10.2
11/30/01 22:50,11.9
11/30/01 23:00,9.3
11/30/01 23:10,9.8
11/30/01 23:20,9.4
11/30/01 23:30,10.1
11/30/01 23:40,10.9
11/30/01 23:50,11.4
12/1/01 0:00,12.3
12/1/01 0:10,12.8
12/1/01 0:20,13.5
12/1/01 0:30,12.9
12/1/01 0:40,12.4
12/1/01 0:50,13.1
12/1/01 1:00,13.1
12/1/01 1:10,12.9
12/1/01 1:20,13.3
12/1/01 1:30,12.6
12/1/01 1:40,11.1
12/1/01 1:50,10.6
12/1/01 2:00,9.5
12/1/01 2:10,11
12/1/01 2:20,12.9
12/1/01 2:30,11.8
12/1/01 2:40,10.9
12/1/01 2:50,11.8
12/1/01 3:00,13.3
12/1/01 3:10,12.9
12/1/01 3:20,11
12/1/01 3:30,12.7
12/1/01 3:40,11.7
12/1/01 3:50,11.8
12/1/01 4:00,13.3
12/1/01 4:10,12
12/1/01 4:20,13.3
12/1/01 4:30,13.9
12/1/01 4:40,16.3
12/1/01 4:50,13.7
12/1/01 5:00,11.6
12/1/01 5:10,11.9
12/1/01 5:20,13.3
12/1/01 5:30,12.7
12/1/01 5:40,13.5
12/1/01 5:50,14
12/1/01 6:00,11
12/1/01 6:10,11.5
12/1/01 6:20,10
12/1/01 6:30,9.7
12/1/01 6:40,12.1
12/1/01 6:50,11.2
12/1/01 7:00,8.9
12/1/01 7:10,8.8
12/1/01 7:20,8.9
12/1/01 7:30,9.5
12/1/01 7:40,8.6
12/1/01 7:50,9
12/1/01 8:00,11.1
12/1/01 8:10,11.3
12/1/01 8:20,7.5
12/1/01 8:30,10.6
12/1/01 8:40,11.5
12/1/01 8:50,11.4
12/1/01 9:00,10.6
12/1/01 9:10,8.8
12/1/01 9:20,9.2
12/1/01 9:30,10.3
12/1/01 9:40,9.9
12/1/01 9:50,11.3
12/1/01 10:00,10.7
12/1/01 10:10,12.1
12/1/01 10:20,13.2
12/1/01 10:30,12.9
12/1/01 10:40,9.6
12/1/01 10:50,9.8
12/1/01 11:00,12.4
12/1/01 11:10,9.1
12/1/01 11:20,6.9
12/1/01 11:30,8.2
12/1/01 11:40,8.5
12/1/01 11:50,8.3
12/1/01 12:00,7.5
12/1/01 12:10,6.2
12/1/01 12:20,7.2
12/1/01 12:30,7
12/1/01 12:40,7.9
12/1/01 12:50,5.8
12/1/01 13:00,6.4
12/1/01 13:10,8.4
12/1/01 13:20,10.6
12/1/01 13:30,10.4
12/1/01 13:40,9.4
12/1/01 13:50,8.7
12/1/01 14:00,9.1
12/1/01 14:10,9.1
12/1/01 14:20,10.5
12/1/01 14:30,12.3
12/1/01 14:40,12.1
12/1/01 14:50,12.5
12/1/01 15:00,14.4
12/1/01 15:10,15.2
12/1/01 15:20,15.5
12/1/01 15:30,14.6
12/1/01 15:40,13.6
12/1/01 15:50,12.8
12/1/01 16:00,12.8
12/1/01 16:10,12.5
12/1/01 16:20,11.7
12/1/01 16:30,10.7
12/1/01 16:40,11.5
12/1/01 16:50,13.4
12/1/01 17:00,13.6
12/1/01 17:10,13.8
12/1/01 17:20,13.9
12/1/01 17:30,13.8
12/1/01 17:40,14.2
12/1/01 17:50,15.2
12/1/01 18:00,15.4
12/1/01 18:10,16.3
12/1/01 18:20,16.4
12/1/01 18:30,17.1
12/1/01 18:40,17.8
12/1/01 18:50,17.3
12/1/01 19:00,18.3
12/1/01 19:10,18.6
12/1/01 19:20,17
12/1/01 19:30,17.9
12/1/01 19:40,19.1
12/1/01 19:50,17.7
12/1/01 20:00,18.6
12/1/01 20:10,19.3
12/1/01 20:20,20.2
12/1/01 20:30,19.7
12/1/01 20:40,19
12/1/01 20:50,17.7
12/1/01 21:00,17
12/1/01 21:10,17.2
12/1/01 21:20,17.2
12/1/01 21:30,17.9
12/1/01 21:40,17.8
12/1/01 21:50,17.1
12/1/01 22:00,17
12/1/01 22:10,19.7
12/1/01 22:20,22.2
12/1/01 22:30,22.1
12/1/01 22:40,21.3
12/1/01 22:50,20.7
12/1/01 23:00,19.1
12/1/01 23:10,19.3
12/1/01 23:20,16.6
12/1/01 23:30,14.9
12/1/01 23:40,17
12/1/01 23:50,16.5
12/2/01 0:00,16
12/2/01 0:10,16
12/2/01 0:20,15.4
12/2/01 0:30,12
12/2/01 0:40,10.2
12/2/01 0:50,12.7
12/2/01 1:00,14.5
12/2/01 1:10,15.3
12/2/01 1:20,15.5
12/2/01 1:30,16.7
12/2/01 1:40,17.8
12/2/01 1:50,17.5
12/2/01 2:00,18.3
12/2/01 2:10,18.3
12/2/01 2:20,18.1
12/2/01 2:30,18.5
12/2/01 2:40,18.5
12/2/01 2:50,18.1
12/2/01 3:00,18.9
12/2/01 3:10,19.2
12/2/01 3:20,17.1
12/2/01 3:30,16.3
12/2/01 3:40,16.7
12/2/01 3:50,18.3
12/2/01 4:00,17.7
12/2/01 4:10,19.8
12/2/01 4:20,19.3
12/2/01 4:30,19.2
12/2/01 4:40,18.8
12/2/01 4:50,18.7
12/2/01 5:00,18.5
12/2/01 5:10,19.2
12/2/01 5:20,19.2
12/2/01 5:30,18.7
12/2/01 5:40,18.4
12/2/01 5:50,18.1
12/2/01 6:00,18.5
12/2/01 6:10,18.6
12/2/01 6:20,18.1
12/2/01 6:30,17
12/2/01 6:40,16
12/2/01 6:50,15.5
12/2/01 7:00,14
12/2/01 7:10,14.3
12/2/01 7:20,16.4
12/2/01 7:30,18.8
12/2/01 7:40,19
12/2/01 7:50,19.1
12/2/01 8:00,22.8
12/2/01 8:10,23
12/2/01 8:20,22
12/2/01 8:30,22.2
12/2/01 8:40,23.2
12/2/01 8:50,24.1
12/2/01 9:00,25.3
12/2/01 9:10,24.5
12/2/01 9:20,23.7
12/2/01 9:30,24.3
12/2/01 9:40,24.1
12/2/01 9:50,23.7
12/2/01 10:00,22.2
12/2/01 10:10,23.5
12/2/01 10:20,22.7
12/2/01 10:30,22.5
12/2/01 10:40,22.4
12/2/01 10:50,22.9
12/2/01 11:00,22.6
12/2/01 11:10,23.9
12/2/01 11:20,24.4